date,subject,frval,runnum,trial,trial2,frpointer,frpointerB,borpointer,borpointer2,bolpointer,time,fr_irt,prp,fr_prp,uo_prp,event
12/27/17,BA1657,0,1,0,0,0,0,0,0,0,0.0,0.0,0,0,0,300
12/27/17,BA1657,25,1,0,1,0,0,0,0,1,1.58,0.0,0,0,0,100
12/27/17,BA1657,25,1,1,1,1,1,0,0,0,4.33,2.75,0,0,0,120
12/27/17,BA1657,25,1,1,1,0,1,1,1,0,14.33,0.0,0,0,0,400
12/27/17,BA1657,25,1,1,1,0,1,0,0,2,20.79,0.0,0,0,0,100
12/27/17,BA1657,25,1,1,1,0,1,0,0,3,21.93,0.0,0,0,0,100
12/27/17,BA1657,25,1,1,1,0,1,0,0,4,22.32,0.0,0,0,0,100
12/27/17,BA1657,25,1,1,1,0,1,0,0,5,22.7,0.0,0,0,0,100
12/27/17,BA1657,25,1,1,1,0,1,0,0,6,23.64,0.0,0,0,0,100
12/27/17,BA1657,25,1,1,1,0,1,0,0,7,23.9,0.0,0,0,0,100
12/27/17,BA1657,25,1,1,1,0,1,0,0,8,24.49,0.0,0,0,0,100
12/27/17,BA1657,25,1,1,1,0,1,0,0,9,25.11,0.0,0,0,0,100
12/27/17,BA1657,25,1,1,1,0,1,0,0,10,25.44,0.0,0,0,0,100
12/27/17,BA1657,25,1,1,1,0,1,0,0,11,26.58,0.0,0,0,0,100
12/27/17,BA1657,25,1,1,1,0,1,0,0,12,27.48,0.0,0,0,0,100
12/27/17,BA1657,25,1,1,1,0,1,0,0,13,28.33,0.0,0,0,0,100
12/27/17,BA1657,25,1,1,1,0,1,0,0,14,30.59,0.0,0,0,0,100
12/27/17,BA1657,25,1,1,1,0,1,0,0,15,30.95,0.0,0,0,0,100
12/27/17,BA1657,25,1,1,1,0,1,0,0,16,31.17,0.0,0,0,0,100
12/27/17,BA1657,25,1,1,1,0,1,0,0,17,32.59,0.0,0,0,0,100
12/27/17,BA1657,25,1,1,1,0,1,0,0,18,32.65,0.0,0,0,0,100
12/27/17,BA1657,25,1,1,1,0,1,0,0,19,32.69,0.0,0,0,0,100
12/27/17,BA1657,25,1,1,1,0,1,0,0,20,32.87,0.0,0,0,0,100
12/27/17,BA1657,25,1,1,1,0,1,0,0,21,33.06,0.0,0,0,0,100
12/27/17,BA1657,25,1,1,1,0,1,0,0,22,33.36,0.0,0,0,0,100
12/27/17,BA1657,25,1,1,1,0,1,0,0,23,34.98,0.0,0,0,0,100
12/27/17,BA1657,25,1,1,1,0,1,0,0,24,35.57,0.0,0,0,0,100
12/27/17,BA1657,25,1,1,1,0,1,0,0,25,36.16,0.0,0,0,0,100
12/27/17,BA1657,0,1,0,0,-1,-1,0,0,0,36.16,0.0,0,0,0,200
12/27/17,BA1657,25,1,0,1,0,0,0,0,26,61.19,25.03,0,0,0,100
12/27/17,BA1657,25,1,1,1,0,0,0,0,27,62.63,0.0,0,0,0,100
12/27/17,BA1657,25,1,1,1,0,0,0,0,28,69.63,0.0,0,0,0,100
12/27/17,BA1657,25,1,1,1,0,0,0,0,29,70.09,0.0,0,0,0,100
12/27/17,BA1657,25,1,1,1,0,0,0,0,30,70.43,0.0,0,0,0,100
12/27/17,BA1657,25,1,1,1,0,0,0,0,31,70.71,0.0,0,0,0,100
12/27/17,BA1657,25,1,1,1,0,0,0,0,32,71.11,0.0,0,0,0,100
12/27/17,BA1657,25,1,1,1,0,0,0,0,33,71.76,0.0,0,0,0,100
12/27/17,BA1657,25,1,1,1,0,0,0,0,34,72.5,0.0,0,0,0,100
12/27/17,BA1657,25,1,1,1,0,0,0,0,35,73.22,0.0,0,0,0,100
12/27/17,BA1657,25,1,1,1,0,0,0,0,36,74.07,0.0,0,0,0,100
12/27/17,BA1657,25,1,1,1,0,0,0,0,37,74.93,0.0,0,0,0,100
12/27/17,BA1657,25,1,1,1,0,0,0,0,38,76.13,0.0,0,0,0,100
12/27/17,BA1657,25,1,1,1,0,0,0,0,39,76.34,0.0,0,0,0,100
12/27/17,BA1657,25,1,1,1,0,0,0,0,40,76.5,0.0,0,0,0,100
12/27/17,BA1657,25,1,1,1,0,0,0,0,41,77.23,0.0,0,0,0,100
12/27/17,BA1657,25,1,1,1,0,0,0,0,42,77.66,0.0,0,0,0,100
12/27/17,BA1657,25,1,1,1,0,0,0,0,43,78.05,0.0,0,0,0,100
12/27/17,BA1657,25,1,1,1,0,0,0,0,44,78.65,0.0,0,0,0,100
12/27/17,BA1657,25,1,1,1,0,0,0,0,45,79.9,0.0,0,0,0,100
12/27/17,BA1657,25,1,1,1,0,0,0,0,46,80.03,0.0,0,0,0,100
12/27/17,BA1657,25,1,1,1,0,0,0,0,47,80.66,0.0,0,0,0,100
12/27/17,BA1657,25,1,1,1,0,0,0,0,48,81.08,0.0,0,0,0,100
12/27/17,BA1657,25,1,1,1,0,0,0,0,49,81.27,0.0,0,0,0,100
12/27/17,BA1657,25,1,1,1,0,0,0,0,50,81.39,0.0,0,0,0,100
12/27/17,BA1657,0,1,0,0,-1,-1,0,0,0,81.39,0.0,0,0,0,200
12/27/17,BA1657,25,1,0,1,0,0,0,0,51,84.3,2.91,0,0,0,100
12/27/17,BA1657,25,1,1,1,0,0,0,0,52,84.6,0.0,0,0,0,100
12/27/17,BA1657,25,1,1,1,0,0,0,0,53,84.94,0.0,0,0,0,100
12/27/17,BA1657,25,1,1,1,0,0,0,0,54,86.53,0.0,0,0,0,100
12/27/17,BA1657,25,1,1,1,0,0,0,0,55,87.21,0.0,0,0,0,100
12/27/17,BA1657,25,1,1,1,0,0,0,0,56,94.52,0.0,0,0,0,100
12/27/17,BA1657,25,1,1,1,0,0,0,0,57,95.56,0.0,0,0,0,100
12/27/17,BA1657,25,1,1,1,0,0,0,0,58,96.16,0.0,0,0,0,100
12/27/17,BA1657,25,1,1,1,0,0,0,0,59,97.23,0.0,0,0,0,100
12/27/17,BA1657,25,1,1,1,0,0,0,0,60,101.18,0.0,0,0,0,100
12/27/17,BA1657,25,1,1,1,0,0,0,0,61,102.03,0.0,0,0,0,100
12/27/17,BA1657,25,1,1,1,0,0,0,0,62,102.32,0.0,0,0,0,100
12/27/17,BA1657,25,1,1,1,0,0,0,0,63,102.73,0.0,0,0,0,100
12/27/17,BA1657,25,1,1,1,0,0,0,0,64,103.11,0.0,0,0,0,100
12/27/17,BA1657,25,1,1,1,0,0,0,0,65,103.62,0.0,0,0,0,100
12/27/17,BA1657,25,1,1,1,0,0,0,0,66,104.6,0.0,0,0,0,100
12/27/17,BA1657,25,1,1,1,0,0,0,0,67,106.27,0.0,0,0,0,100
12/27/17,BA1657,25,1,1,1,0,0,0,0,68,106.82,0.0,0,0,0,100
12/27/17,BA1657,25,1,1,1,0,0,0,0,69,107.57,0.0,0,0,0,100
12/27/17,BA1657,25,1,1,1,0,0,0,0,70,107.73,0.0,0,0,0,100
12/27/17,BA1657,25,1,1,1,0,0,0,0,71,108.0,0.0,0,0,0,100
12/27/17,BA1657,25,1,1,1,0,0,0,0,72,108.15,0.0,0,0,0,100
12/27/17,BA1657,25,1,1,1,0,0,0,0,73,109.28,0.0,0,0,0,100
12/27/17,BA1657,25,1,1,1,0,0,0,0,74,110.43,0.0,0,0,0,100
12/27/17,BA1657,25,1,1,1,0,0,0,0,75,110.78,0.0,0,0,0,100
12/27/17,BA1657,0,1,0,0,-1,-1,0,0,0,110.78,0.0,0,0,0,200
12/27/17,BA1657,25,1,0,1,0,0,0,0,76,116.57,5.79,0,0,0,100
12/27/17,BA1657,25,1,1,1,0,0,0,0,77,117.05,0.0,0,0,0,100
12/27/17,BA1657,25,1,1,1,0,0,0,0,78,117.43,0.0,0,0,0,100
12/27/17,BA1657,25,1,1,1,0,0,0,0,79,120.06,0.0,0,0,0,100
12/27/17,BA1657,25,1,1,1,0,0,0,0,80,120.32,0.0,0,0,0,100
12/27/17,BA1657,25,1,1,1,0,0,0,0,81,120.65,0.0,0,0,0,100
12/27/17,BA1657,25,1,1,1,0,0,0,0,82,121.32,0.0,0,0,0,100
12/27/17,BA1657,25,1,1,1,0,0,0,0,83,121.97,0.0,0,0,0,100
12/27/17,BA1657,25,1,1,1,0,0,0,0,84,122.49,0.0,0,0,0,100
12/27/17,BA1657,25,1,1,1,0,0,0,0,85,122.61,0.0,0,0,0,100
12/27/17,BA1657,25,1,1,1,0,0,0,0,86,122.68,0.0,0,0,0,100
12/27/17,BA1657,25,1,1,1,0,0,0,0,87,123.45,0.0,0,0,0,100
12/27/17,BA1657,25,1,1,1,0,0,0,0,88,123.85,0.0,0,0,0,100
12/27/17,BA1657,25,1,1,1,0,0,0,0,89,124.37,0.0,0,0,0,100
12/27/17,BA1657,25,1,1,1,0,0,0,0,90,127.54,0.0,0,0,0,100
12/27/17,BA1657,25,1,1,1,0,0,0,0,91,127.76,0.0,0,0,0,100
12/27/17,BA1657,25,1,1,1,0,0,0,0,92,127.9,0.0,0,0,0,100
12/27/17,BA1657,25,1,1,1,0,0,0,0,93,128.37,0.0,0,0,0,100
12/27/17,BA1657,25,1,1,1,0,0,0,0,94,128.55,0.0,0,0,0,100
12/27/17,BA1657,25,1,1,1,0,0,0,0,95,128.87,0.0,0,0,0,100
12/27/17,BA1657,25,1,1,1,0,0,0,0,96,129.26,0.0,0,0,0,100
12/27/17,BA1657,25,1,2,1,1,1,0,0,0,131.37,2.11,0,0,0,120
12/27/17,BA1657,25,1,2,1,0,0,0,0,0,134.02,0.0,0,0,0,140
12/27/17,BA1657,25,1,2,1,0,0,0,0,0,136.75,0.0,0,0,0,140
12/27/17,BA1657,25,1,2,1,0,0,0,0,0,137.19,0.0,0,0,0,140
12/27/17,BA1657,25,1,2,1,0,0,0,0,0,139.11,0.0,0,0,0,140
12/27/17,BA1657,25,1,2,1,0,1,2,2,0,141.37,0.0,0,0,0,400
12/27/17,BA1657,25,1,2,1,2,2,0,0,0,148.76,7.39,0,0,0,120
12/27/17,BA1657,25,1,2,1,0,0,0,0,0,150.58,0.0,0,0,0,160
12/27/17,BA1657,25,1,2,1,0,2,3,3,0,158.76,0.0,0,0,0,400
12/27/17,BA1657,25,1,2,1,0,2,0,0,97,163.16,0.0,0,0,0,100
12/27/17,BA1657,25,1,2,1,0,2,0,0,98,164.67,0.0,0,0,0,100
12/27/17,BA1657,25,1,2,1,3,3,0,0,0,167.47,2.8,0,0,0,120
12/27/17,BA1657,25,1,2,1,0,3,4,4,0,177.47,0.0,0,0,0,400
12/27/17,BA1657,25,1,2,1,0,3,0,0,99,188.38,0.0,0,0,0,100
12/27/17,BA1657,25,1,2,1,0,3,0,0,100,188.57,0.0,0,0,0,100
12/27/17,BA1657,0,1,0,0,-1,-1,0,0,0,188.57,0.0,0,0,0,200
12/27/17,BA1657,25,1,0,1,0,0,0,0,101,205.74,17.17,0,0,0,100
12/27/17,BA1657,25,1,2,1,0,0,0,0,102,219.26,0.0,0,0,0,100
12/27/17,BA1657,25,1,2,1,0,0,0,0,103,219.46,0.0,0,0,0,100
12/27/17,BA1657,25,1,2,1,0,0,0,0,104,220.25,0.0,0,0,0,100
12/27/17,BA1657,25,1,2,1,0,0,0,0,105,220.66,0.0,0,0,0,100
12/27/17,BA1657,25,1,2,1,0,0,0,0,106,220.89,0.0,0,0,0,100
12/27/17,BA1657,25,1,2,1,0,0,0,0,107,221.14,0.0,0,0,0,100
12/27/17,BA1657,25,1,2,1,0,0,0,0,108,221.48,0.0,0,0,0,100
12/27/17,BA1657,25,1,2,1,0,0,0,0,109,221.72,0.0,0,0,0,100
12/27/17,BA1657,25,1,2,1,0,0,0,0,110,223.04,0.0,0,0,0,100
12/27/17,BA1657,25,1,2,1,0,0,0,0,111,223.45,0.0,0,0,0,100
12/27/17,BA1657,25,1,2,1,0,0,0,0,112,225.1,0.0,0,0,0,100
12/27/17,BA1657,25,1,2,1,0,0,0,0,113,225.7,0.0,0,0,0,100
12/27/17,BA1657,25,1,2,1,0,0,0,0,114,226.0,0.0,0,0,0,100
12/27/17,BA1657,25,1,2,1,0,0,0,0,115,226.48,0.0,0,0,0,100
12/27/17,BA1657,25,1,2,1,0,0,0,0,116,226.97,0.0,0,0,0,100
12/27/17,BA1657,25,1,2,1,0,0,0,0,117,227.31,0.0,0,0,0,100
12/27/17,BA1657,25,1,2,1,0,0,0,0,118,227.67,0.0,0,0,0,100
12/27/17,BA1657,25,1,2,1,0,0,0,0,119,227.99,0.0,0,0,0,100
12/27/17,BA1657,25,1,2,1,0,0,0,0,120,229.86,0.0,0,0,0,100
12/27/17,BA1657,25,1,2,1,0,0,0,0,121,230.14,0.0,0,0,0,100
12/27/17,BA1657,25,1,2,1,0,0,0,0,122,231.43,0.0,0,0,0,100
12/27/17,BA1657,25,1,2,1,0,0,0,0,123,232.33,0.0,0,0,0,100
12/27/17,BA1657,25,1,2,1,0,0,0,0,124,232.66,0.0,0,0,0,100
12/27/17,BA1657,25,1,2,1,0,0,0,0,125,233.53,0.0,0,0,0,100
12/27/17,BA1657,0,1,0,0,-1,-1,0,0,0,233.53,0.0,0,0,0,200
12/27/17,BA1657,25,1,0,1,0,0,0,0,126,250.47,16.94,0,0,0,100
12/27/17,BA1657,25,1,2,1,0,0,0,0,127,288.97,0.0,0,0,0,100
12/27/17,BA1657,25,1,2,1,0,0,0,0,128,289.43,0.0,0,0,0,100
12/27/17,BA1657,25,1,2,1,0,0,0,0,129,290.87,0.0,0,0,0,100
12/27/17,BA1657,25,1,2,1,0,0,0,0,130,291.31,0.0,0,0,0,100
12/27/17,BA1657,25,1,2,1,0,0,0,0,131,291.52,0.0,0,0,0,100
12/27/17,BA1657,25,1,2,1,0,0,0,0,132,291.83,0.0,0,0,0,100
12/27/17,BA1657,25,1,2,1,0,0,0,0,133,292.09,0.0,0,0,0,100
12/27/17,BA1657,25,1,2,1,0,0,0,0,134,292.47,0.0,0,0,0,100
12/27/17,BA1657,25,1,2,1,0,0,0,0,135,292.72,0.0,0,0,0,100
12/27/17,BA1657,25,1,2,1,0,0,0,0,136,292.75,0.0,0,0,0,100
12/27/17,BA1657,25,1,2,1,0,0,0,0,137,293.05,0.0,0,0,0,100
12/27/17,BA1657,25,1,2,1,0,0,0,0,138,293.79,0.0,0,0,0,100
12/27/17,BA1657,25,1,2,1,0,0,0,0,139,293.83,0.0,0,0,0,100
12/27/17,BA1657,25,1,2,1,0,0,0,0,140,293.97,0.0,0,0,0,100
12/27/17,BA1657,25,1,2,1,0,0,0,0,141,294.14,0.0,0,0,0,100
12/27/17,BA1657,25,1,2,1,0,0,0,0,142,295.64,0.0,0,0,0,100
12/27/17,BA1657,25,1,2,1,0,0,0,0,143,296.05,0.0,0,0,0,100
12/27/17,BA1657,25,1,2,1,0,0,0,0,144,296.27,0.0,0,0,0,100
12/27/17,BA1657,25,1,2,1,0,0,0,0,145,296.72,0.0,0,0,0,100
12/27/17,BA1657,25,1,2,1,0,0,0,0,146,297.14,0.0,0,0,0,100
12/27/17,BA1657,25,1,2,1,0,0,0,0,147,297.42,0.0,0,0,0,100
12/27/17,BA1657,25,1,2,1,0,0,0,0,148,297.62,0.0,0,0,0,100
12/27/17,BA1657,25,1,2,1,0,0,0,0,149,299.24,0.0,0,0,0,100
12/27/17,BA1657,25,1,2,1,0,0,0,0,150,299.34,0.0,0,0,0,100
12/27/17,BA1657,0,1,0,0,-1,-1,0,0,0,299.34,0.0,0,0,0,200
12/27/17,BA1657,25,1,0,1,0,0,0,0,0,300.09,0.75,0,0,0,310
12/27/17,BA1657,25,1,2,1,0,0,5,0,0,327.54,0.0,0,0,0,110
12/27/17,BA1657,25,1,2,1,0,0,6,0,0,328.8,0.0,0,0,0,110
12/27/17,BA1657,25,1,2,1,0,0,7,0,0,329.12,0.0,0,0,0,110
12/27/17,BA1657,25,1,2,1,0,0,8,0,0,329.85,0.0,0,0,0,110
12/27/17,BA1657,25,1,2,1,0,0,9,0,0,330.16,0.0,0,0,0,110
12/27/17,BA1657,25,1,2,1,0,0,10,0,0,330.41,0.0,0,0,0,110
12/27/17,BA1657,25,1,2,1,0,0,11,0,0,330.55,0.0,0,0,0,110
12/27/17,BA1657,25,1,2,1,0,0,12,0,0,330.63,0.0,0,0,0,110
12/27/17,BA1657,25,1,2,1,0,0,13,0,0,330.95,0.0,0,0,0,110
12/27/17,BA1657,25,1,2,1,0,0,14,0,0,331.24,0.0,0,0,0,110
12/27/17,BA1657,25,1,2,1,0,0,15,0,0,331.65,0.0,0,0,0,110
12/27/17,BA1657,25,1,2,1,0,0,16,0,0,331.88,0.0,0,0,0,110
12/27/17,BA1657,25,1,2,1,0,0,17,0,0,332.33,0.0,0,0,0,110
12/27/17,BA1657,25,1,2,1,0,0,18,0,0,332.54,0.0,0,0,0,110
12/27/17,BA1657,25,1,2,1,0,0,19,0,0,332.71,0.0,0,0,0,110
12/27/17,BA1657,25,1,2,1,0,0,20,0,0,332.84,0.0,0,0,0,110
12/27/17,BA1657,25,1,2,1,0,0,21,0,0,333.03,0.0,0,0,0,110
12/27/17,BA1657,25,1,2,1,0,0,22,0,0,334.54,0.0,0,0,0,110
12/27/17,BA1657,25,1,2,1,0,0,23,0,0,334.63,0.0,0,0,0,110
12/27/17,BA1657,25,1,2,1,0,0,24,0,0,334.73,0.0,0,0,0,110
12/27/17,BA1657,25,1,2,1,0,0,25,0,0,335.1,0.0,0,0,0,110
12/27/17,BA1657,25,1,2,1,0,0,26,0,0,335.36,0.0,0,0,0,110
12/27/17,BA1657,25,1,2,1,0,0,27,0,0,335.47,0.0,0,0,0,110
12/27/17,BA1657,25,1,2,1,0,0,28,0,0,335.61,0.0,0,0,0,110
12/27/17,BA1657,25,1,2,1,0,0,29,0,0,335.73,0.0,0,0,0,110
12/27/17,BA1657,25,1,2,1,0,0,30,0,0,335.85,0.0,0,0,0,110
12/27/17,BA1657,25,1,2,1,0,0,31,0,0,336.14,0.0,0,0,0,110
12/27/17,BA1657,25,1,2,1,0,0,32,0,0,337.45,0.0,0,0,0,110
12/27/17,BA1657,25,1,2,1,0,0,33,0,0,337.9,0.0,0,0,0,110
12/27/17,BA1657,25,1,2,1,0,0,34,0,0,338.09,0.0,0,0,0,110
12/27/17,BA1657,25,1,2,1,0,0,35,0,0,338.29,0.0,0,0,0,110
12/27/17,BA1657,25,1,2,1,0,0,36,0,0,338.35,0.0,0,0,0,110
12/27/17,BA1657,25,1,2,1,0,0,37,0,0,338.43,0.0,0,0,0,110
12/27/17,BA1657,25,1,2,1,0,0,38,0,0,338.49,0.0,0,0,0,110
12/27/17,BA1657,25,1,2,1,0,0,39,0,0,338.59,0.0,0,0,0,110
12/27/17,BA1657,25,1,2,1,0,0,40,0,0,338.86,0.0,0,0,0,110
12/27/17,BA1657,25,1,2,1,0,0,41,0,0,339.14,0.0,0,0,0,110
12/27/17,BA1657,25,1,2,1,0,0,42,0,0,339.7,0.0,0,0,0,110
12/27/17,BA1657,25,1,2,1,0,0,43,0,0,341.04,0.0,0,0,0,110
12/27/17,BA1657,25,1,2,1,0,0,44,0,0,341.19,0.0,0,0,0,110
12/27/17,BA1657,25,1,2,1,0,0,45,0,0,341.26,0.0,0,0,0,110
12/27/17,BA1657,25,1,2,1,0,0,46,0,0,341.34,0.0,0,0,0,110
12/27/17,BA1657,25,1,2,1,0,0,47,0,0,341.48,0.0,0,0,0,110
12/27/17,BA1657,25,1,2,1,0,0,48,0,0,341.73,0.0,0,0,0,110
12/27/17,BA1657,25,1,2,1,0,0,49,0,0,341.87,0.0,0,0,0,110
12/27/17,BA1657,25,1,2,1,0,0,50,0,0,342.06,0.0,0,0,0,110
12/27/17,BA1657,25,1,2,1,0,0,51,0,0,342.23,0.0,0,0,0,110
12/27/17,BA1657,25,1,2,1,0,0,52,0,0,342.41,0.0,0,0,0,110
12/27/17,BA1657,25,1,2,1,0,0,53,0,0,342.61,0.0,0,0,0,110
12/27/17,BA1657,25,1,2,1,0,0,54,0,0,342.78,0.0,0,0,0,110
12/27/17,BA1657,25,1,2,1,0,0,55,0,0,343.12,0.0,0,0,0,110
12/27/17,BA1657,25,1,2,1,0,0,56,0,0,343.37,0.0,0,0,0,110
12/27/17,BA1657,25,1,2,1,0,0,57,0,0,344.91,0.0,0,0,0,110
12/27/17,BA1657,25,1,2,1,0,0,58,0,0,345.2,0.0,0,0,0,110
12/27/17,BA1657,25,1,2,1,0,0,59,0,0,345.33,0.0,0,0,0,110
12/27/17,BA1657,25,1,2,1,0,0,60,0,0,345.66,0.0,0,0,0,110
12/27/17,BA1657,25,1,2,1,0,0,61,0,0,346.26,0.0,0,0,0,110
12/27/17,BA1657,25,1,2,1,0,0,62,0,0,346.67,0.0,0,0,0,110
12/27/17,BA1657,25,1,2,1,0,0,63,0,0,349.13,0.0,0,0,0,110
12/27/17,BA1657,25,1,2,1,0,0,64,0,0,349.24,0.0,0,0,0,110
12/27/17,BA1657,25,1,2,1,0,0,65,0,0,349.56,0.0,0,0,0,110
12/27/17,BA1657,25,1,2,1,0,0,66,0,0,350.01,0.0,0,0,0,110
12/27/17,BA1657,25,1,2,1,0,0,67,0,0,350.44,0.0,0,0,0,110
12/27/17,BA1657,25,1,2,1,0,0,68,0,0,350.74,0.0,0,0,0,110
12/27/17,BA1657,25,1,2,1,0,0,69,0,0,351.04,0.0,0,0,0,110
12/27/17,BA1657,25,1,2,1,0,0,70,0,0,351.26,0.0,0,0,0,110
12/27/17,BA1657,25,1,2,1,0,0,71,0,0,352.71,0.0,0,0,0,110
12/27/17,BA1657,25,1,2,1,0,0,72,0,0,352.92,0.0,0,0,0,110
12/27/17,BA1657,25,1,2,1,0,0,73,0,0,353.13,0.0,0,0,0,110
12/27/17,BA1657,25,1,2,1,0,0,74,0,0,353.92,0.0,0,0,0,110
12/27/17,BA1657,25,1,2,1,0,0,75,0,0,354.06,0.0,0,0,0,110
12/27/17,BA1657,25,1,2,1,0,0,76,0,0,354.21,0.0,0,0,0,110
12/27/17,BA1657,25,1,2,1,0,0,77,0,0,354.3,0.0,0,0,0,110
12/27/17,BA1657,25,1,2,1,0,0,78,0,0,354.81,0.0,0,0,0,110
12/27/17,BA1657,25,1,2,1,0,0,79,0,0,354.93,0.0,0,0,0,110
12/27/17,BA1657,25,1,2,1,0,0,80,0,0,355.19,0.0,0,0,0,110
12/27/17,BA1657,25,1,2,1,0,0,81,0,0,355.35,0.0,0,0,0,110
12/27/17,BA1657,25,1,2,1,0,0,82,0,0,355.77,0.0,0,0,0,110
12/27/17,BA1657,25,1,2,1,0,0,83,0,0,357.2,0.0,0,0,0,110
12/27/17,BA1657,25,1,2,1,0,0,84,0,0,357.28,0.0,0,0,0,110
12/27/17,BA1657,25,1,2,1,0,0,85,0,0,357.42,0.0,0,0,0,110
12/27/17,BA1657,25,1,2,1,0,0,86,0,0,358.07,0.0,0,0,0,110
12/27/17,BA1657,25,1,2,1,0,0,87,0,0,358.42,0.0,0,0,0,110
12/27/17,BA1657,25,1,2,1,0,0,88,0,0,358.67,0.0,0,0,0,110
12/27/17,BA1657,25,1,2,1,0,0,89,0,0,358.79,0.0,0,0,0,110
12/27/17,BA1657,25,1,2,1,0,0,90,0,0,359.06,0.0,0,0,0,110
12/27/17,BA1657,25,1,2,1,0,0,91,0,0,360.65,0.0,0,0,0,110
12/27/17,BA1657,25,1,2,1,0,0,92,0,0,360.76,0.0,0,0,0,110
12/27/17,BA1657,25,1,2,1,0,0,93,0,0,360.84,0.0,0,0,0,110
12/27/17,BA1657,25,1,2,1,0,0,94,0,0,361.22,0.0,0,0,0,110
12/27/17,BA1657,25,1,2,1,0,0,95,0,0,361.26,0.0,0,0,0,110
12/27/17,BA1657,25,1,2,1,0,0,96,0,0,361.57,0.0,0,0,0,110
12/27/17,BA1657,25,1,2,1,0,0,97,0,0,361.81,0.0,0,0,0,110
12/27/17,BA1657,25,1,2,1,0,0,98,0,0,362.17,0.0,0,0,0,110
12/27/17,BA1657,25,1,2,1,0,0,99,0,0,364.0,0.0,0,0,0,110
12/27/17,BA1657,25,1,2,1,0,0,100,0,0,365.08,0.0,0,0,0,110
12/27/17,BA1657,25,1,2,1,0,0,101,0,0,365.26,0.0,0,0,0,110
12/27/17,BA1657,25,1,2,1,0,0,102,0,0,365.85,0.0,0,0,0,110
12/27/17,BA1657,25,1,2,1,0,0,103,0,0,366.19,0.0,0,0,0,110
12/27/17,BA1657,25,1,2,1,0,0,104,0,0,366.47,0.0,0,0,0,110
12/27/17,BA1657,25,1,2,1,0,0,0,0,0,366.47,0.0,0,0,0,210
12/27/17,BA1657,25,1,2,1,0,0,105,0,0,382.83,0.0,0,0,0,110
12/27/17,BA1657,25,1,2,1,0,0,106,0,0,383.09,0.0,0,0,0,110
12/27/17,BA1657,25,1,2,1,0,0,107,0,0,384.1,0.0,0,0,0,110
12/27/17,BA1657,25,1,2,1,0,0,108,0,0,384.36,0.0,0,0,0,110
12/27/17,BA1657,25,1,2,1,0,0,109,0,0,384.85,0.0,0,0,0,110
12/27/17,BA1657,25,1,2,1,0,0,110,0,0,385.13,0.0,0,0,0,110
12/27/17,BA1657,25,1,2,1,0,0,111,0,0,385.5,0.0,0,0,0,110
12/27/17,BA1657,25,1,2,1,0,0,112,0,0,385.71,0.0,0,0,0,110
12/27/17,BA1657,25,1,2,1,0,0,113,0,0,385.92,0.0,0,0,0,110
12/27/17,BA1657,25,1,2,1,0,0,114,0,0,386.05,0.0,0,0,0,110
12/27/17,BA1657,25,1,2,1,0,0,115,0,0,386.3,0.0,0,0,0,110
12/27/17,BA1657,25,1,2,1,0,0,116,0,0,386.53,0.0,0,0,0,110
12/27/17,BA1657,25,1,2,1,0,0,117,0,0,386.97,0.0,0,0,0,110
12/27/17,BA1657,25,1,2,1,0,0,118,0,0,388.2,0.0,0,0,0,110
12/27/17,BA1657,25,1,2,1,0,0,119,0,0,388.54,0.0,0,0,0,110
12/27/17,BA1657,25,1,2,1,0,0,120,0,0,389.06,0.0,0,0,0,110
12/27/17,BA1657,25,1,2,1,0,0,121,0,0,389.85,0.0,0,0,0,110
12/27/17,BA1657,25,1,2,1,0,0,122,0,0,391.29,0.0,0,0,0,110
12/27/17,BA1657,25,1,2,1,0,0,123,0,0,391.8,0.0,0,0,0,110
12/27/17,BA1657,25,1,2,1,0,0,124,0,0,391.94,0.0,0,0,0,110
12/27/17,BA1657,25,1,2,1,0,0,125,0,0,394.13,0.0,0,0,0,110
12/27/17,BA1657,25,1,2,1,0,0,126,0,0,394.86,0.0,0,0,0,110
12/27/17,BA1657,25,1,2,1,0,0,127,0,0,395.11,0.0,0,0,0,110
12/27/17,BA1657,25,1,2,1,0,0,128,0,0,395.51,0.0,0,0,0,110
12/27/17,BA1657,25,1,2,1,0,0,129,0,0,396.1,0.0,0,0,0,110
12/27/17,BA1657,25,1,2,1,0,0,130,0,0,396.31,0.0,0,0,0,110
12/27/17,BA1657,25,1,2,1,0,0,131,0,0,398.04,0.0,0,0,0,110
12/27/17,BA1657,25,1,2,1,0,0,132,0,0,398.4,0.0,0,0,0,110
12/27/17,BA1657,25,1,2,1,0,0,133,0,0,398.53,0.0,0,0,0,110
12/27/17,BA1657,25,1,2,1,0,0,134,0,0,399.14,0.0,0,0,0,110
12/27/17,BA1657,25,1,2,1,0,0,135,0,0,399.2,0.0,0,0,0,110
12/27/17,BA1657,25,1,2,1,0,0,136,0,0,399.51,0.0,0,0,0,110
12/27/17,BA1657,25,1,2,1,0,0,137,0,0,399.73,0.0,0,0,0,110
12/27/17,BA1657,25,1,2,1,0,0,138,0,0,400.57,0.0,0,0,0,110
12/27/17,BA1657,25,1,2,1,0,0,139,0,0,402.67,0.0,0,0,0,110
12/27/17,BA1657,25,1,2,1,0,0,140,0,0,403.41,0.0,0,0,0,110
12/27/17,BA1657,25,1,2,1,0,0,141,0,0,403.84,0.0,0,0,0,110
12/27/17,BA1657,25,1,2,1,0,0,142,0,0,405.02,0.0,0,0,0,110
12/27/17,BA1657,25,1,2,1,0,0,143,0,0,405.34,0.0,0,0,0,110
12/27/17,BA1657,25,1,2,1,0,0,144,0,0,405.73,0.0,0,0,0,110
12/27/17,BA1657,25,1,2,1,0,0,145,0,0,406.12,0.0,0,0,0,110
12/27/17,BA1657,25,1,2,1,0,0,146,0,0,407.71,0.0,0,0,0,110
12/27/17,BA1657,25,1,2,1,0,0,147,0,0,407.94,0.0,0,0,0,110
12/27/17,BA1657,25,1,2,1,0,0,148,0,0,408.05,0.0,0,0,0,110
12/27/17,BA1657,25,1,2,1,0,0,149,0,0,408.31,0.0,0,0,0,110
12/27/17,BA1657,25,1,2,1,0,0,150,0,0,408.83,0.0,0,0,0,110
12/27/17,BA1657,25,1,2,1,0,0,151,0,0,408.93,0.0,0,0,0,110
12/27/17,BA1657,25,1,2,1,0,0,152,0,0,409.01,0.0,0,0,0,110
12/27/17,BA1657,25,1,2,1,0,0,153,0,0,409.44,0.0,0,0,0,110
12/27/17,BA1657,25,1,2,1,0,0,154,0,0,409.79,0.0,0,0,0,110
12/27/17,BA1657,25,1,2,1,0,0,155,0,0,411.45,0.0,0,0,0,110
12/27/17,BA1657,25,1,2,1,0,0,156,0,0,412.17,0.0,0,0,0,110
12/27/17,BA1657,25,1,2,1,0,0,157,0,0,413.44,0.0,0,0,0,110
12/27/17,BA1657,25,1,2,1,0,0,158,0,0,413.5,0.0,0,0,0,110
12/27/17,BA1657,25,1,2,1,0,0,159,0,0,413.59,0.0,0,0,0,110
12/27/17,BA1657,25,1,2,1,0,0,160,0,0,414.06,0.0,0,0,0,110
12/27/17,BA1657,25,1,2,1,0,0,161,0,0,414.83,0.0,0,0,0,110
12/27/17,BA1657,25,1,2,1,0,0,162,0,0,416.27,0.0,0,0,0,110
12/27/17,BA1657,25,1,2,1,0,0,163,0,0,416.48,0.0,0,0,0,110
12/27/17,BA1657,25,1,2,1,0,0,164,0,0,416.65,0.0,0,0,0,110
12/27/17,BA1657,25,1,2,1,0,0,165,0,0,417.08,0.0,0,0,0,110
12/27/17,BA1657,25,1,2,1,0,0,166,0,0,417.71,0.0,0,0,0,110
12/27/17,BA1657,25,1,2,1,0,0,167,0,0,418.2,0.0,0,0,0,110
12/27/17,BA1657,25,1,2,1,0,0,168,0,0,418.57,0.0,0,0,0,110
12/27/17,BA1657,25,1,2,1,0,0,169,0,0,419.09,0.0,0,0,0,110
12/27/17,BA1657,25,1,2,1,0,0,170,0,0,420.47,0.0,0,0,0,110
12/27/17,BA1657,25,1,2,1,0,0,171,0,0,421.21,0.0,0,0,0,110
12/27/17,BA1657,25,1,2,1,0,0,172,0,0,422.32,0.0,0,0,0,110
12/27/17,BA1657,25,1,2,1,0,0,173,0,0,422.4,0.0,0,0,0,110
12/27/17,BA1657,25,1,2,1,0,0,174,0,0,422.58,0.0,0,0,0,110
12/27/17,BA1657,25,1,2,1,0,0,175,0,0,422.89,0.0,0,0,0,110
12/27/17,BA1657,25,1,2,1,0,0,176,0,0,423.25,0.0,0,0,0,110
12/27/17,BA1657,25,1,2,1,0,0,177,0,0,423.44,0.0,0,0,0,110
12/27/17,BA1657,25,1,2,1,0,0,178,0,0,423.56,0.0,0,0,0,110
12/27/17,BA1657,25,1,2,1,0,0,179,0,0,423.68,0.0,0,0,0,110
12/27/17,BA1657,25,1,2,1,0,0,180,0,0,424.05,0.0,0,0,0,110
12/27/17,BA1657,25,1,2,1,0,0,181,0,0,425.99,0.0,0,0,0,110
12/27/17,BA1657,25,1,2,1,0,0,182,0,0,426.32,0.0,0,0,0,110
12/27/17,BA1657,25,1,2,1,0,0,183,0,0,426.68,0.0,0,0,0,110
12/27/17,BA1657,25,1,2,1,0,0,184,0,0,427.35,0.0,0,0,0,110
12/27/17,BA1657,25,1,2,1,0,0,185,0,0,427.46,0.0,0,0,0,110
12/27/17,BA1657,25,1,2,1,0,0,186,0,0,427.58,0.0,0,0,0,110
12/27/17,BA1657,25,1,2,1,0,0,187,0,0,427.64,0.0,0,0,0,110
12/27/17,BA1657,25,1,2,1,0,0,188,0,0,427.71,0.0,0,0,0,110
12/27/17,BA1657,25,1,2,1,0,0,189,0,0,427.81,0.0,0,0,0,110
12/27/17,BA1657,25,1,2,1,0,0,190,0,0,427.98,0.0,0,0,0,110
12/27/17,BA1657,25,1,2,1,0,0,191,0,0,428.14,0.0,0,0,0,110
12/27/17,BA1657,25,1,2,1,0,0,192,0,0,428.37,0.0,0,0,0,110
12/27/17,BA1657,25,1,2,1,0,0,193,0,0,428.66,0.0,0,0,0,110
12/27/17,BA1657,25,1,2,1,0,0,194,0,0,428.76,0.0,0,0,0,110
12/27/17,BA1657,25,1,2,1,0,0,195,0,0,429.26,0.0,0,0,0,110
12/27/17,BA1657,25,1,2,1,0,0,196,0,0,429.48,0.0,0,0,0,110
12/27/17,BA1657,25,1,2,1,0,0,197,0,0,430.28,0.0,0,0,0,110
12/27/17,BA1657,25,1,2,1,0,0,198,0,0,430.94,0.0,0,0,0,110
12/27/17,BA1657,25,1,2,1,0,0,199,0,0,431.1,0.0,0,0,0,110
12/27/17,BA1657,25,1,2,1,0,0,200,0,0,432.61,0.0,0,0,0,110
12/27/17,BA1657,25,1,2,1,0,0,201,0,0,432.83,0.0,0,0,0,110
12/27/17,BA1657,25,1,2,1,0,0,202,0,0,432.93,0.0,0,0,0,110
12/27/17,BA1657,25,1,2,1,0,0,203,0,0,433.39,0.0,0,0,0,110
12/27/17,BA1657,25,1,2,1,0,0,204,0,0,433.44,0.0,0,0,0,110
12/27/17,BA1657,25,1,2,1,0,0,0,0,0,433.44,0.0,0,0,0,210
12/27/17,BA1657,25,1,2,1,0,0,205,0,0,465.14,0.0,0,0,0,110
12/27/17,BA1657,25,1,2,1,0,0,206,0,0,465.44,0.0,0,0,0,110
12/27/17,BA1657,25,1,2,1,0,0,207,0,0,467.05,0.0,0,0,0,110
12/27/17,BA1657,25,1,2,1,0,0,208,0,0,478.59,0.0,0,0,0,110
12/27/17,BA1657,25,1,2,1,0,0,209,0,0,478.82,0.0,0,0,0,110
12/27/17,BA1657,25,1,2,1,0,0,210,0,0,479.04,0.0,0,0,0,110
12/27/17,BA1657,25,1,2,1,0,0,211,0,0,480.19,0.0,0,0,0,110
12/27/17,BA1657,25,1,2,1,0,0,212,0,0,480.72,0.0,0,0,0,110
12/27/17,BA1657,25,1,2,1,0,0,213,0,0,480.95,0.0,0,0,0,110
12/27/17,BA1657,25,1,2,1,0,0,214,0,0,481.82,0.0,0,0,0,110
12/27/17,BA1657,25,1,2,1,0,0,215,0,0,482.31,0.0,0,0,0,110
12/27/17,BA1657,25,1,2,1,0,0,216,0,0,482.64,0.0,0,0,0,110
12/27/17,BA1657,25,1,2,1,0,0,217,0,0,483.01,0.0,0,0,0,110
12/27/17,BA1657,25,1,2,1,0,0,218,0,0,483.22,0.0,0,0,0,110
12/27/17,BA1657,25,1,2,1,0,0,219,0,0,485.19,0.0,0,0,0,110
12/27/17,BA1657,25,1,2,1,0,0,220,0,0,486.68,0.0,0,0,0,110
12/27/17,BA1657,25,1,2,1,0,0,221,0,0,487.08,0.0,0,0,0,110
12/27/17,BA1657,25,1,2,1,0,0,222,0,0,487.4,0.0,0,0,0,110
12/27/17,BA1657,25,1,2,1,0,0,223,0,0,487.75,0.0,0,0,0,110
12/27/17,BA1657,25,1,2,1,0,0,224,0,0,487.93,0.0,0,0,0,110
12/27/17,BA1657,25,1,2,1,0,0,225,0,0,488.06,0.0,0,0,0,110
12/27/17,BA1657,25,1,2,1,0,0,226,0,0,488.38,0.0,0,0,0,110
12/27/17,BA1657,25,1,2,1,0,0,227,0,0,489.02,0.0,0,0,0,110
12/27/17,BA1657,25,1,2,1,0,0,228,0,0,489.37,0.0,0,0,0,110
12/27/17,BA1657,25,1,2,1,0,0,229,0,0,491.13,0.0,0,0,0,110
12/27/17,BA1657,25,1,2,1,0,0,230,0,0,491.67,0.0,0,0,0,110
12/27/17,BA1657,25,1,2,1,0,0,231,0,0,491.91,0.0,0,0,0,110
12/27/17,BA1657,25,1,2,1,0,0,232,0,0,492.14,0.0,0,0,0,110
12/27/17,BA1657,25,1,2,1,0,0,233,0,0,492.37,0.0,0,0,0,110
12/27/17,BA1657,25,1,2,1,0,0,234,0,0,492.55,0.0,0,0,0,110
12/27/17,BA1657,25,1,2,1,0,0,235,0,0,495.12,0.0,0,0,0,110
12/27/17,BA1657,25,1,2,1,0,0,236,0,0,495.33,0.0,0,0,0,110
12/27/17,BA1657,25,1,2,1,0,0,237,0,0,495.57,0.0,0,0,0,110
12/27/17,BA1657,25,1,2,1,0,0,238,0,0,496.08,0.0,0,0,0,110
12/27/17,BA1657,25,1,2,1,0,0,239,0,0,496.85,0.0,0,0,0,110
12/27/17,BA1657,25,1,2,1,0,0,240,0,0,497.07,0.0,0,0,0,110
12/27/17,BA1657,25,1,2,1,0,0,241,0,0,497.39,0.0,0,0,0,110
12/27/17,BA1657,25,1,2,1,0,0,242,0,0,499.0,0.0,0,0,0,110
12/27/17,BA1657,25,1,2,1,0,0,243,0,0,499.14,0.0,0,0,0,110
12/27/17,BA1657,25,1,2,1,0,0,244,0,0,499.26,0.0,0,0,0,110
12/27/17,BA1657,25,1,2,1,0,0,245,0,0,499.69,0.0,0,0,0,110
12/27/17,BA1657,25,1,2,1,0,0,246,0,0,501.0,0.0,0,0,0,110
12/27/17,BA1657,25,1,2,1,0,0,247,0,0,501.39,0.0,0,0,0,110
12/27/17,BA1657,25,1,2,1,0,0,248,0,0,502.08,0.0,0,0,0,110
12/27/17,BA1657,25,1,2,1,0,0,249,0,0,502.39,0.0,0,0,0,110
12/27/17,BA1657,25,1,2,1,0,0,250,0,0,502.79,0.0,0,0,0,110
12/27/17,BA1657,25,1,2,1,0,0,251,0,0,503.42,0.0,0,0,0,110
12/27/17,BA1657,25,1,2,1,0,0,252,0,0,503.59,0.0,0,0,0,110
12/27/17,BA1657,25,1,2,1,0,0,253,0,0,503.7,0.0,0,0,0,110
12/27/17,BA1657,25,1,2,1,0,0,254,0,0,503.84,0.0,0,0,0,110
12/27/17,BA1657,25,1,2,1,0,0,255,0,0,503.92,0.0,0,0,0,110
12/27/17,BA1657,25,1,2,1,0,0,256,0,0,505.41,0.0,0,0,0,110
12/27/17,BA1657,25,1,2,1,0,0,257,0,0,505.72,0.0,0,0,0,110
12/27/17,BA1657,25,1,2,1,0,0,258,0,0,506.24,0.0,0,0,0,110
12/27/17,BA1657,25,1,2,1,0,0,259,0,0,507.34,0.0,0,0,0,110
12/27/17,BA1657,25,1,2,1,0,0,260,0,0,507.73,0.0,0,0,0,110
12/27/17,BA1657,25,1,2,1,0,0,261,0,0,507.97,0.0,0,0,0,110
12/27/17,BA1657,25,1,2,1,0,0,262,0,0,508.32,0.0,0,0,0,110
12/27/17,BA1657,25,1,2,1,0,0,263,0,0,508.81,0.0,0,0,0,110
12/27/17,BA1657,25,1,2,1,0,0,264,0,0,509.1,0.0,0,0,0,110
12/27/17,BA1657,25,1,2,1,0,0,265,0,0,509.71,0.0,0,0,0,110
12/27/17,BA1657,25,1,2,1,0,0,266,0,0,509.9,0.0,0,0,0,110
12/27/17,BA1657,25,1,2,1,0,0,267,0,0,510.02,0.0,0,0,0,110
12/27/17,BA1657,25,1,2,1,0,0,268,0,0,510.38,0.0,0,0,0,110
12/27/17,BA1657,25,1,2,1,0,0,269,0,0,510.66,0.0,0,0,0,110
12/27/17,BA1657,25,1,2,1,0,0,270,0,0,511.23,0.0,0,0,0,110
12/27/17,BA1657,25,1,2,1,0,0,271,0,0,513.08,0.0,0,0,0,110
12/27/17,BA1657,25,1,2,1,0,0,272,0,0,513.94,0.0,0,0,0,110
12/27/17,BA1657,25,1,2,1,0,0,273,0,0,514.03,0.0,0,0,0,110
12/27/17,BA1657,25,1,2,1,0,0,274,0,0,514.14,0.0,0,0,0,110
12/27/17,BA1657,25,1,2,1,0,0,275,0,0,514.25,0.0,0,0,0,110
12/27/17,BA1657,25,1,2,1,0,0,276,0,0,514.36,0.0,0,0,0,110
12/27/17,BA1657,25,1,2,1,0,0,277,0,0,514.49,0.0,0,0,0,110
12/27/17,BA1657,25,1,2,1,0,0,278,0,0,514.56,0.0,0,0,0,110
12/27/17,BA1657,25,1,2,1,0,0,279,0,0,514.64,0.0,0,0,0,110
12/27/17,BA1657,25,1,2,1,0,0,280,0,0,514.7,0.0,0,0,0,110
12/27/17,BA1657,25,1,2,1,0,0,281,0,0,515.68,0.0,0,0,0,110
12/27/17,BA1657,25,1,2,1,0,0,282,0,0,515.96,0.0,0,0,0,110
12/27/17,BA1657,25,1,2,1,0,0,283,0,0,516.21,0.0,0,0,0,110
12/27/17,BA1657,25,1,2,1,0,0,284,0,0,516.53,0.0,0,0,0,110
12/27/17,BA1657,25,1,2,1,0,0,285,0,0,516.82,0.0,0,0,0,110
12/27/17,BA1657,25,1,2,1,0,0,286,0,0,518.3,0.0,0,0,0,110
12/27/17,BA1657,25,1,2,1,0,0,287,0,0,519.1,0.0,0,0,0,110
12/27/17,BA1657,25,1,2,1,0,0,288,0,0,519.28,0.0,0,0,0,110
12/27/17,BA1657,25,1,2,1,0,0,289,0,0,519.42,0.0,0,0,0,110
12/27/17,BA1657,25,1,2,1,0,0,290,0,0,519.65,0.0,0,0,0,110
12/27/17,BA1657,25,1,2,1,0,0,291,0,0,520.68,0.0,0,0,0,110
12/27/17,BA1657,25,1,2,1,0,0,292,0,0,521.0,0.0,0,0,0,110
12/27/17,BA1657,25,1,2,1,0,0,293,0,0,521.1,0.0,0,0,0,110
12/27/17,BA1657,25,1,2,1,0,0,294,0,0,521.21,0.0,0,0,0,110
12/27/17,BA1657,25,1,2,1,0,0,295,0,0,521.42,0.0,0,0,0,110
12/27/17,BA1657,25,1,2,1,0,0,296,0,0,521.5,0.0,0,0,0,110
12/27/17,BA1657,25,1,2,1,0,0,297,0,0,521.62,0.0,0,0,0,110
12/27/17,BA1657,25,1,2,1,0,0,298,0,0,521.79,0.0,0,0,0,110
12/27/17,BA1657,25,1,2,1,0,0,299,0,0,521.87,0.0,0,0,0,110
12/27/17,BA1657,25,1,2,1,0,0,300,0,0,521.93,0.0,0,0,0,110
12/27/17,BA1657,25,1,2,1,0,0,301,0,0,522.0,0.0,0,0,0,110
12/27/17,BA1657,25,1,2,1,0,0,302,0,0,522.25,0.0,0,0,0,110
12/27/17,BA1657,25,1,2,1,0,0,303,0,0,522.54,0.0,0,0,0,110
12/27/17,BA1657,25,1,2,1,0,0,304,0,0,522.75,0.0,0,0,0,110
12/27/17,BA1657,25,1,2,1,0,0,0,0,0,522.75,0.0,0,0,0,210
12/27/17,BA1657,25,1,2,1,0,0,305,0,0,553.24,0.0,0,0,0,110
12/27/17,BA1657,25,1,2,1,0,0,306,0,0,568.81,0.0,0,0,0,130
12/27/17,BA1657,25,1,2,1,0,0,0,0,0,578.81,0.0,0,0,0,410
12/27/17,BA1657,25,1,2,1,0,0,1,0,0,585.46,0.0,0,0,0,110
12/27/17,BA1657,25,1,2,1,0,0,2,0,0,585.69,0.0,0,0,0,110
12/27/17,BA1657,25,1,2,1,0,0,3,0,0,586.6,0.0,0,0,0,110
12/27/17,BA1657,25,1,2,1,0,0,4,0,0,586.84,0.0,0,0,0,110
12/27/17,BA1657,25,1,2,1,0,0,5,0,0,587.46,0.0,0,0,0,110
12/27/17,BA1657,25,1,2,1,0,0,6,0,0,589.34,0.0,0,0,0,110
12/27/17,BA1657,25,1,2,1,0,0,7,0,0,590.06,0.0,0,0,0,110
12/27/17,BA1657,25,1,2,1,0,0,8,0,0,590.27,0.0,0,0,0,110
12/27/17,BA1657,25,1,2,1,0,0,9,0,0,590.6,0.0,0,0,0,110
12/27/17,BA1657,25,1,2,1,0,0,10,0,0,590.94,0.0,0,0,0,110
12/27/17,BA1657,25,1,2,1,0,0,11,0,0,591.18,0.0,0,0,0,110
12/27/17,BA1657,25,1,2,1,0,0,12,0,0,591.49,0.0,0,0,0,110
12/27/17,BA1657,25,1,2,1,0,0,13,0,0,592.02,0.0,0,0,0,110
12/27/17,BA1657,25,1,2,1,0,0,14,0,0,592.48,0.0,0,0,0,110
12/27/17,BA1657,25,1,2,1,0,0,15,0,0,592.67,0.0,0,0,0,110
12/27/17,BA1657,25,1,2,1,0,0,16,0,0,593.01,0.0,0,0,0,110
12/27/17,BA1657,25,1,2,1,0,0,17,0,0,593.35,0.0,0,0,0,110
12/27/17,BA1657,25,1,2,1,0,0,18,0,0,593.79,0.0,0,0,0,110
12/27/17,BA1657,25,1,2,1,0,0,19,0,0,594.32,0.0,0,0,0,110
12/27/17,BA1657,25,1,2,1,0,0,20,0,0,594.84,0.0,0,0,0,110
12/27/17,BA1657,25,1,2,1,0,0,21,0,0,595.24,0.0,0,0,0,110
12/27/17,BA1657,25,1,2,1,0,0,22,0,0,595.45,0.0,0,0,0,110
12/27/17,BA1657,25,1,2,1,0,0,23,0,0,595.81,0.0,0,0,0,110
12/27/17,BA1657,25,1,2,1,0,0,24,0,0,596.53,0.0,0,0,0,110
12/27/17,BA1657,0,1,2,0,0,0,0,0,0,600.19,0.0,0,0,0,300
12/27/17,BA1657,50,1,2,2,0,0,0,0,1,604.41,0.0,0,0,0,100
12/27/17,BA1657,50,1,2,2,0,0,0,0,2,605.86,0.0,0,0,0,100
12/27/17,BA1657,50,1,2,2,0,0,0,0,3,606.32,0.0,0,0,0,100
12/27/17,BA1657,50,1,2,2,0,0,0,0,4,606.73,0.0,0,0,0,100
12/27/17,BA1657,50,1,2,2,0,0,0,0,5,606.94,0.0,0,0,0,100
12/27/17,BA1657,50,1,2,2,0,0,0,0,6,607.49,0.0,0,0,0,100
12/27/17,BA1657,50,1,2,2,0,0,0,0,7,607.63,0.0,0,0,0,100
12/27/17,BA1657,50,1,2,2,0,0,0,0,8,610.92,0.0,0,0,0,100
12/27/17,BA1657,50,1,2,2,0,0,0,0,9,611.81,0.0,0,0,0,100
12/27/17,BA1657,50,1,2,2,0,0,0,0,10,612.01,0.0,0,0,0,100
12/27/17,BA1657,50,1,2,2,0,0,0,0,11,612.16,0.0,0,0,0,100
12/27/17,BA1657,50,1,2,2,0,0,0,0,12,612.27,0.0,0,0,0,100
12/27/17,BA1657,50,1,2,2,0,0,0,0,13,613.09,0.0,0,0,0,100
12/27/17,BA1657,50,1,2,2,0,0,0,0,14,613.58,0.0,0,0,0,100
12/27/17,BA1657,50,1,2,2,0,0,0,0,15,614.2,0.0,0,0,0,100
12/27/17,BA1657,50,1,2,2,0,0,0,0,16,615.49,0.0,0,0,0,100
12/27/17,BA1657,50,1,2,2,0,0,0,0,17,616.49,0.0,0,0,0,100
12/27/17,BA1657,50,1,2,2,0,0,0,0,18,616.75,0.0,0,0,0,100
12/27/17,BA1657,50,1,2,2,0,0,0,0,19,617.84,0.0,0,0,0,100
12/27/17,BA1657,50,1,2,2,0,0,0,0,20,618.19,0.0,0,0,0,100
12/27/17,BA1657,50,1,2,2,0,0,0,0,21,618.56,0.0,0,0,0,100
12/27/17,BA1657,50,1,2,2,0,0,0,0,22,619.45,0.0,0,0,0,100
12/27/17,BA1657,50,1,2,2,0,0,0,0,23,619.87,0.0,0,0,0,100
12/27/17,BA1657,50,1,2,2,0,0,0,0,24,622.0,0.0,0,0,0,100
12/27/17,BA1657,50,1,2,2,0,0,0,0,25,622.47,0.0,0,0,0,100
12/27/17,BA1657,0,1,0,0,-1,-1,0,0,0,622.47,0.0,0,0,0,200
12/27/17,BA1657,50,1,0,2,0,0,0,0,0,624.59,2.12,0,0,0,310
12/27/17,BA1657,50,1,2,2,0,0,25,0,0,651.33,0.0,0,0,0,110
12/27/17,BA1657,50,1,2,2,0,0,26,0,0,677.03,0.0,0,0,0,130
12/27/17,BA1657,50,1,2,2,0,0,0,0,0,681.55,0.0,0,0,0,150
12/27/17,BA1657,50,1,2,2,0,0,0,0,0,686.55,0.0,0,0,0,150
12/27/17,BA1657,50,1,2,2,0,0,0,0,0,687.03,0.0,0,0,0,410
12/27/17,BA1657,50,1,2,2,0,0,1,0,0,689.08,0.0,0,0,0,110
12/27/17,BA1657,50,1,2,2,0,0,2,0,0,690.46,0.0,0,0,0,110
12/27/17,BA1657,50,1,2,2,0,0,3,0,0,691.8,0.0,0,0,0,110
12/27/17,BA1657,50,1,2,2,0,0,4,0,0,692.61,0.0,0,0,0,110
12/27/17,BA1657,50,1,2,2,0,0,5,0,0,692.79,0.0,0,0,0,110
12/27/17,BA1657,50,1,2,2,0,0,6,0,0,692.95,0.0,0,0,0,110
12/27/17,BA1657,50,1,2,2,0,0,7,0,0,693.05,0.0,0,0,0,110
12/27/17,BA1657,50,1,2,2,0,0,8,0,0,694.67,0.0,0,0,0,110
12/27/17,BA1657,50,1,2,2,0,0,9,0,0,695.08,0.0,0,0,0,110
12/27/17,BA1657,50,1,2,2,0,0,10,0,0,695.83,0.0,0,0,0,110
12/27/17,BA1657,50,1,2,2,0,0,11,0,0,695.93,0.0,0,0,0,110
12/27/17,BA1657,50,1,2,2,0,0,12,0,0,696.08,0.0,0,0,0,110
12/27/17,BA1657,50,1,2,2,0,0,13,0,0,696.48,0.0,0,0,0,110
12/27/17,BA1657,50,1,2,2,0,0,14,0,0,698.68,0.0,0,0,0,110
12/27/17,BA1657,50,1,2,2,0,0,15,0,0,698.95,0.0,0,0,0,110
12/27/17,BA1657,50,1,2,2,0,0,16,0,0,699.33,0.0,0,0,0,110
12/27/17,BA1657,50,1,2,2,0,0,17,0,0,700.05,0.0,0,0,0,110
12/27/17,BA1657,50,1,2,2,0,0,18,0,0,700.11,0.0,0,0,0,110
12/27/17,BA1657,50,1,2,2,0,0,19,0,0,700.18,0.0,0,0,0,110
12/27/17,BA1657,50,1,2,2,0,0,20,0,0,700.27,0.0,0,0,0,110
12/27/17,BA1657,50,1,2,2,0,0,21,0,0,700.37,0.0,0,0,0,110
12/27/17,BA1657,50,1,2,2,0,0,22,0,0,700.54,0.0,0,0,0,110
12/27/17,BA1657,50,1,2,2,0,0,23,0,0,700.99,0.0,0,0,0,110
12/27/17,BA1657,50,1,2,2,0,0,24,0,0,701.33,0.0,0,0,0,110
12/27/17,BA1657,50,1,2,2,0,0,25,0,0,701.53,0.0,0,0,0,110
12/27/17,BA1657,50,1,2,2,0,0,26,0,0,702.2,0.0,0,0,0,110
12/27/17,BA1657,50,1,2,2,0,0,27,0,0,703.52,0.0,0,0,0,110
12/27/17,BA1657,50,1,2,2,0,0,28,0,0,704.07,0.0,0,0,0,110
12/27/17,BA1657,50,1,2,2,0,0,29,0,0,704.27,0.0,0,0,0,110
12/27/17,BA1657,50,1,2,2,0,0,30,0,0,704.41,0.0,0,0,0,110
12/27/17,BA1657,50,1,2,2,0,0,31,0,0,704.91,0.0,0,0,0,110
12/27/17,BA1657,50,1,2,2,0,0,32,0,0,705.03,0.0,0,0,0,110
12/27/17,BA1657,50,1,2,2,0,0,33,0,0,705.27,0.0,0,0,0,110
12/27/17,BA1657,50,1,2,2,0,0,34,0,0,705.78,0.0,0,0,0,110
12/27/17,BA1657,50,1,2,2,0,0,35,0,0,706.1,0.0,0,0,0,110
12/27/17,BA1657,50,1,2,2,0,0,36,0,0,706.35,0.0,0,0,0,110
12/27/17,BA1657,50,1,2,2,0,0,37,0,0,706.47,0.0,0,0,0,110
12/27/17,BA1657,50,1,2,2,0,0,38,0,0,708.32,0.0,0,0,0,110
12/27/17,BA1657,50,1,2,2,0,0,39,0,0,710.06,0.0,0,0,0,110
12/27/17,BA1657,50,1,2,2,0,0,40,0,0,710.43,0.0,0,0,0,110
12/27/17,BA1657,50,1,2,2,0,0,41,0,0,710.61,0.0,0,0,0,110
12/27/17,BA1657,50,1,2,2,0,0,42,0,0,713.08,0.0,0,0,0,110
12/27/17,BA1657,50,1,2,2,0,0,43,0,0,713.67,0.0,0,0,0,110
12/27/17,BA1657,50,1,2,2,0,0,44,0,0,714.12,0.0,0,0,0,110
12/27/17,BA1657,50,1,2,2,0,0,45,0,0,714.41,0.0,0,0,0,110
12/27/17,BA1657,50,1,2,2,0,0,46,0,0,714.84,0.0,0,0,0,110
12/27/17,BA1657,50,1,2,2,0,0,47,0,0,715.38,0.0,0,0,0,110
12/27/17,BA1657,50,1,2,2,0,0,48,0,0,715.6,0.0,0,0,0,110
12/27/17,BA1657,50,1,2,2,0,0,49,0,0,715.75,0.0,0,0,0,110
12/27/17,BA1657,50,1,2,2,0,0,50,0,0,716.0,0.0,0,0,0,110
12/27/17,BA1657,50,1,2,2,0,0,51,0,0,716.19,0.0,0,0,0,110
12/27/17,BA1657,50,1,2,2,0,0,52,0,0,716.49,0.0,0,0,0,110
12/27/17,BA1657,50,1,2,2,0,0,53,0,0,716.59,0.0,0,0,0,110
12/27/17,BA1657,50,1,2,2,0,0,54,0,0,716.91,0.0,0,0,0,110
12/27/17,BA1657,50,1,2,2,0,0,55,0,0,717.25,0.0,0,0,0,110
12/27/17,BA1657,50,1,2,2,0,0,56,0,0,718.52,0.0,0,0,0,110
12/27/17,BA1657,50,1,2,2,0,0,57,0,0,719.5,0.0,0,0,0,110
12/27/17,BA1657,50,1,2,2,0,0,58,0,0,719.7,0.0,0,0,0,110
12/27/17,BA1657,50,1,2,2,0,0,59,0,0,720.1,0.0,0,0,0,110
12/27/17,BA1657,50,1,2,2,0,0,60,0,0,720.63,0.0,0,0,0,110
12/27/17,BA1657,50,1,2,2,0,0,61,0,0,720.8,0.0,0,0,0,110
12/27/17,BA1657,50,1,2,2,0,0,62,0,0,720.92,0.0,0,0,0,110
12/27/17,BA1657,50,1,2,2,0,0,63,0,0,721.0,0.0,0,0,0,110
12/27/17,BA1657,50,1,2,2,0,0,64,0,0,722.52,0.0,0,0,0,110
12/27/17,BA1657,50,1,2,2,0,0,65,0,0,722.99,0.0,0,0,0,110
12/27/17,BA1657,50,1,2,2,0,0,66,0,0,723.1,0.0,0,0,0,110
12/27/17,BA1657,50,1,2,2,0,0,67,0,0,723.62,0.0,0,0,0,110
12/27/17,BA1657,50,1,2,2,0,0,68,0,0,723.7,0.0,0,0,0,110
12/27/17,BA1657,50,1,2,2,0,0,69,0,0,723.77,0.0,0,0,0,110
12/27/17,BA1657,50,1,2,2,0,0,70,0,0,723.84,0.0,0,0,0,110
12/27/17,BA1657,50,1,2,2,0,0,71,0,0,723.91,0.0,0,0,0,110
12/27/17,BA1657,50,1,2,2,0,0,72,0,0,724.06,0.0,0,0,0,110
12/27/17,BA1657,50,1,2,2,0,0,73,0,0,724.23,0.0,0,0,0,110
12/27/17,BA1657,50,1,2,2,0,0,74,0,0,724.3,0.0,0,0,0,110
12/27/17,BA1657,50,1,2,2,0,0,0,0,0,724.3,0.0,0,0,0,210
12/27/17,BA1657,50,1,2,2,0,0,75,0,0,854.33,0.0,0,0,0,110
12/27/17,BA1657,0,1,2,0,0,0,0,0,0,924.69,0.0,0,0,0,300
12/27/17,BA1657,75,1,2,3,0,0,0,0,1,960.03,0.0,0,0,0,100
12/27/17,BA1657,75,1,2,3,0,0,0,0,2,961.77,0.0,0,0,0,100
12/27/17,BA1657,75,1,2,3,0,0,0,0,3,962.45,0.0,0,0,0,100
12/27/17,BA1657,75,1,2,3,0,0,0,0,4,964.04,0.0,0,0,0,100
12/27/17,BA1657,75,1,2,3,0,0,0,0,5,964.44,0.0,0,0,0,100
12/27/17,BA1657,75,1,2,3,0,0,0,0,6,964.76,0.0,0,0,0,100
12/27/17,BA1657,75,1,2,3,0,0,0,0,7,967.32,0.0,0,0,0,100
12/27/17,BA1657,75,1,2,3,0,0,0,0,8,967.66,0.0,0,0,0,100
12/27/17,BA1657,75,1,2,3,0,0,0,0,9,968.02,0.0,0,0,0,100
12/27/17,BA1657,75,1,2,3,0,0,0,0,10,968.24,0.0,0,0,0,100
12/27/17,BA1657,75,1,2,3,0,0,0,0,11,968.38,0.0,0,0,0,100
12/27/17,BA1657,75,1,2,3,0,0,0,0,12,968.58,0.0,0,0,0,100
12/27/17,BA1657,75,1,2,3,0,0,0,0,13,968.88,0.0,0,0,0,100
12/27/17,BA1657,75,1,2,3,0,0,0,0,14,969.4,0.0,0,0,0,100
12/27/17,BA1657,75,1,2,3,0,0,0,0,15,969.97,0.0,0,0,0,100
12/27/17,BA1657,75,1,2,3,0,0,0,0,16,970.17,0.0,0,0,0,100
12/27/17,BA1657,75,1,2,3,0,0,0,0,17,970.45,0.0,0,0,0,100
12/27/17,BA1657,75,1,2,3,0,0,0,0,18,970.67,0.0,0,0,0,100
12/27/17,BA1657,75,1,2,3,0,0,0,0,19,971.19,0.0,0,0,0,100
12/27/17,BA1657,75,1,2,3,0,0,0,0,20,971.89,0.0,0,0,0,100
12/27/17,BA1657,75,1,2,3,0,0,0,0,21,973.52,0.0,0,0,0,100
12/27/17,BA1657,75,1,2,3,0,0,0,0,22,974.36,0.0,0,0,0,100
12/27/17,BA1657,75,1,2,3,0,0,0,0,23,974.6,0.0,0,0,0,100
12/27/17,BA1657,75,1,2,3,0,0,0,0,24,975.34,0.0,0,0,0,100
12/27/17,BA1657,75,1,2,3,0,0,0,0,25,975.48,0.0,0,0,0,100
12/27/17,BA1657,0,1,0,0,-1,-1,0,0,0,975.48,0.0,0,0,0,200
12/27/17,BA1657,75,1,0,3,0,0,0,0,26,1006.98,31.5,0,0,0,100
12/27/17,BA1657,75,1,2,3,0,0,0,0,27,1011.67,0.0,0,0,0,100
12/27/17,BA1657,75,1,2,3,0,0,0,0,28,1012.54,0.0,0,0,0,100
12/27/17,BA1657,75,1,2,3,0,0,0,0,29,1013.07,0.0,0,0,0,100
12/27/17,BA1657,75,1,2,3,0,0,0,0,30,1013.35,0.0,0,0,0,100
12/27/17,BA1657,75,1,2,3,0,0,0,0,31,1013.76,0.0,0,0,0,100
12/27/17,BA1657,75,1,2,3,0,0,0,0,32,1014.25,0.0,0,0,0,100
12/27/17,BA1657,75,1,2,3,0,0,0,0,33,1014.72,0.0,0,0,0,100
12/27/17,BA1657,75,1,2,3,0,0,0,0,34,1015.01,0.0,0,0,0,100
12/27/17,BA1657,75,1,2,3,0,0,0,0,35,1015.47,0.0,0,0,0,100
12/27/17,BA1657,75,1,2,3,0,0,0,0,36,1015.94,0.0,0,0,0,100
12/27/17,BA1657,75,1,2,3,0,0,0,0,37,1016.23,0.0,0,0,0,100
12/27/17,BA1657,75,1,2,3,0,0,0,0,38,1016.75,0.0,0,0,0,100
12/27/17,BA1657,75,1,2,3,0,0,0,0,39,1017.93,0.0,0,0,0,100
12/27/17,BA1657,75,1,2,3,0,0,0,0,40,1018.4,0.0,0,0,0,100
12/27/17,BA1657,75,1,2,3,0,0,0,0,41,1018.64,0.0,0,0,0,100
12/27/17,BA1657,75,1,2,3,0,0,0,0,42,1018.92,0.0,0,0,0,100
12/27/17,BA1657,75,1,2,3,0,0,0,0,43,1019.28,0.0,0,0,0,100
12/27/17,BA1657,75,1,2,3,0,0,0,0,44,1020.18,0.0,0,0,0,100
12/27/17,BA1657,75,1,2,3,0,0,0,0,45,1020.49,0.0,0,0,0,100
12/27/17,BA1657,75,1,2,3,0,0,0,0,46,1020.83,0.0,0,0,0,100
12/27/17,BA1657,75,1,2,3,0,0,0,0,47,1022.03,0.0,0,0,0,100
12/27/17,BA1657,75,1,2,3,0,0,0,0,48,1022.46,0.0,0,0,0,100
12/27/17,BA1657,75,1,2,3,0,0,0,0,49,1022.74,0.0,0,0,0,100
12/27/17,BA1657,75,1,2,3,0,0,0,0,50,1023.0,0.0,0,0,0,100
12/27/17,BA1657,0,1,0,0,-1,-1,0,0,0,1023.0,0.0,0,0,0,200
12/27/17,BA1657,75,1,0,3,0,0,0,0,51,1038.05,15.05,0,0,0,100
12/27/17,BA1657,75,1,2,3,0,0,0,0,52,1048.41,0.0,0,0,0,100
12/27/17,BA1657,75,1,2,3,0,0,0,0,53,1049.42,0.0,0,0,0,100
12/27/17,BA1657,75,1,2,3,0,0,0,0,54,1050.2,0.0,0,0,0,100
12/27/17,BA1657,75,1,2,3,0,0,0,0,55,1050.62,0.0,0,0,0,100
12/27/17,BA1657,75,1,2,3,0,0,0,0,56,1050.9,0.0,0,0,0,100
12/27/17,BA1657,75,1,2,3,0,0,0,0,57,1051.33,0.0,0,0,0,100
12/27/17,BA1657,75,1,2,3,0,0,0,0,58,1051.56,0.0,0,0,0,100
12/27/17,BA1657,75,1,2,3,0,0,0,0,59,1052.14,0.0,0,0,0,100
12/27/17,BA1657,75,1,2,3,0,0,0,0,60,1052.57,0.0,0,0,0,100
12/27/17,BA1657,75,1,2,3,0,0,0,0,61,1053.06,0.0,0,0,0,100
12/27/17,BA1657,75,1,2,3,0,0,0,0,62,1053.33,0.0,0,0,0,100
12/27/17,BA1657,75,1,2,3,0,0,0,0,63,1054.14,0.0,0,0,0,100
12/27/17,BA1657,75,1,2,3,0,0,0,0,64,1055.0,0.0,0,0,0,100
12/27/17,BA1657,75,1,2,3,0,0,0,0,65,1055.07,0.0,0,0,0,100
12/27/17,BA1657,75,1,2,3,0,0,0,0,66,1055.17,0.0,0,0,0,100
12/27/17,BA1657,75,1,2,3,0,0,0,0,67,1055.36,0.0,0,0,0,100
12/27/17,BA1657,75,1,2,3,0,0,0,0,68,1057.55,0.0,0,0,0,100
12/27/17,BA1657,75,1,2,3,0,0,0,0,69,1057.75,0.0,0,0,0,100
12/27/17,BA1657,75,1,2,3,0,0,0,0,70,1058.14,0.0,0,0,0,100
12/27/17,BA1657,75,1,2,3,0,0,0,0,71,1059.11,0.0,0,0,0,100
12/27/17,BA1657,75,1,2,3,0,0,0,0,72,1059.49,0.0,0,0,0,100
12/27/17,BA1657,75,1,2,3,0,0,0,0,73,1059.67,0.0,0,0,0,100
12/27/17,BA1657,75,1,2,3,0,0,0,0,74,1059.81,0.0,0,0,0,100
12/27/17,BA1657,75,1,2,3,0,0,0,0,75,1060.17,0.0,0,0,0,100
12/27/17,BA1657,0,1,0,0,-1,-1,0,0,0,1060.17,0.0,0,0,0,200
12/27/17,BA1657,75,1,0,3,0,0,0,0,76,1076.07,15.9,0,0,0,100
12/27/17,BA1657,75,1,2,3,0,0,0,0,77,1077.38,0.0,0,0,0,100
12/27/17,BA1657,75,1,2,3,0,0,0,0,78,1077.82,0.0,0,0,0,100
12/27/17,BA1657,75,1,2,3,0,0,0,0,79,1078.16,0.0,0,0,0,100
12/27/17,BA1657,75,1,2,3,0,0,0,0,80,1078.49,0.0,0,0,0,100
12/27/17,BA1657,75,1,2,3,0,0,0,0,81,1078.96,0.0,0,0,0,100
12/27/17,BA1657,75,1,2,3,0,0,0,0,82,1080.21,0.0,0,0,0,100
12/27/17,BA1657,75,1,2,3,0,0,0,0,83,1081.79,0.0,0,0,0,100
12/27/17,BA1657,75,1,2,3,0,0,0,0,84,1082.5,0.0,0,0,0,100
12/27/17,BA1657,75,1,2,3,0,0,0,0,85,1083.1,0.0,0,0,0,100
12/27/17,BA1657,75,1,2,3,0,0,0,0,86,1083.72,0.0,0,0,0,100
12/27/17,BA1657,75,1,2,3,0,0,0,0,87,1085.02,0.0,0,0,0,100
12/27/17,BA1657,75,1,2,3,0,0,0,0,88,1085.19,0.0,0,0,0,100
12/27/17,BA1657,75,1,2,3,0,0,0,0,89,1085.42,0.0,0,0,0,100
12/27/17,BA1657,75,1,2,3,0,0,0,0,90,1085.62,0.0,0,0,0,100
12/27/17,BA1657,75,1,2,3,0,0,0,0,91,1085.99,0.0,0,0,0,100
12/27/17,BA1657,75,1,2,3,0,0,0,0,92,1086.22,0.0,0,0,0,100
12/27/17,BA1657,75,1,2,3,0,0,0,0,93,1087.75,0.0,0,0,0,100
12/27/17,BA1657,75,1,2,3,0,0,0,0,94,1088.85,0.0,0,0,0,100
12/27/17,BA1657,75,1,2,3,0,0,0,0,95,1091.33,0.0,0,0,0,100
12/27/17,BA1657,75,1,2,3,0,0,0,0,96,1091.76,0.0,0,0,0,100
12/27/17,BA1657,75,1,2,3,0,0,0,0,97,1092.15,0.0,0,0,0,100
12/27/17,BA1657,75,1,2,3,0,0,0,0,98,1092.51,0.0,0,0,0,100
12/27/17,BA1657,75,1,2,3,0,0,0,0,99,1093.21,0.0,0,0,0,100
12/27/17,BA1657,75,1,2,3,0,0,0,0,100,1093.39,0.0,0,0,0,100
12/27/17,BA1657,0,1,0,0,-1,-1,0,0,0,1093.39,0.0,0,0,0,200
12/27/17,BA1657,75,1,0,3,0,0,0,0,101,1111.96,18.57,0,0,0,100
12/27/17,BA1657,75,1,2,3,0,0,0,0,102,1112.24,0.0,0,0,0,100
12/27/17,BA1657,75,1,2,3,0,0,0,0,103,1113.01,0.0,0,0,0,100
12/27/17,BA1657,75,1,2,3,0,0,0,0,104,1113.45,0.0,0,0,0,100
12/27/17,BA1657,75,1,2,3,0,0,0,0,105,1113.88,0.0,0,0,0,100
12/27/17,BA1657,75,1,2,3,0,0,0,0,106,1114.1,0.0,0,0,0,100
12/27/17,BA1657,75,1,2,3,0,0,0,0,107,1114.64,0.0,0,0,0,100
12/27/17,BA1657,75,1,2,3,0,0,0,0,108,1115.14,0.0,0,0,0,100
12/27/17,BA1657,75,1,2,3,0,0,0,0,109,1115.76,0.0,0,0,0,100
12/27/17,BA1657,75,1,2,3,0,0,0,0,110,1116.94,0.0,0,0,0,100
12/27/17,BA1657,75,1,2,3,0,0,0,0,111,1117.25,0.0,0,0,0,100
12/27/17,BA1657,75,1,2,3,0,0,0,0,112,1117.45,0.0,0,0,0,100
12/27/17,BA1657,75,1,2,3,0,0,0,0,113,1117.67,0.0,0,0,0,100
12/27/17,BA1657,75,1,2,3,0,0,0,0,114,1117.82,0.0,0,0,0,100
12/27/17,BA1657,75,1,2,3,0,0,0,0,115,1118.3,0.0,0,0,0,100
12/27/17,BA1657,75,1,2,3,0,0,0,0,116,1120.2,0.0,0,0,0,100
12/27/17,BA1657,75,1,2,3,0,0,0,0,117,1120.54,0.0,0,0,0,100
12/27/17,BA1657,75,1,2,3,0,0,0,0,118,1120.91,0.0,0,0,0,100
12/27/17,BA1657,75,1,2,3,0,0,0,0,119,1121.4,0.0,0,0,0,100
12/27/17,BA1657,75,1,2,3,0,0,0,0,120,1121.68,0.0,0,0,0,100
12/27/17,BA1657,75,1,2,3,0,0,0,0,121,1121.9,0.0,0,0,0,100
12/27/17,BA1657,75,1,2,3,0,0,0,0,122,1122.23,0.0,0,0,0,100
12/27/17,BA1657,75,1,2,3,0,0,0,0,123,1123.34,0.0,0,0,0,100
12/27/17,BA1657,75,1,2,3,0,0,0,0,124,1123.88,0.0,0,0,0,100
12/27/17,BA1657,75,1,2,3,0,0,0,0,125,1124.16,0.0,0,0,0,100
12/27/17,BA1657,0,1,0,0,-1,-1,0,0,0,1124.16,0.0,0,0,0,200
12/27/17,BA1657,75,1,0,3,0,0,0,0,126,1145.41,21.25,0,0,0,100
12/27/17,BA1657,75,1,2,3,0,0,0,0,127,1145.71,0.0,0,0,0,100
12/27/17,BA1657,75,1,2,3,0,0,0,0,128,1146.22,0.0,0,0,0,100
12/27/17,BA1657,75,1,2,3,0,0,0,0,129,1146.83,0.0,0,0,0,100
12/27/17,BA1657,75,1,2,3,0,0,0,0,130,1147.1,0.0,0,0,0,100
12/27/17,BA1657,75,1,2,3,0,0,0,0,131,1149.53,0.0,0,0,0,100
12/27/17,BA1657,75,1,2,3,0,0,0,0,132,1149.8,0.0,0,0,0,100
12/27/17,BA1657,75,1,2,3,0,0,0,0,133,1150.13,0.0,0,0,0,100
12/27/17,BA1657,75,1,2,3,0,0,0,0,134,1150.82,0.0,0,0,0,100
12/27/17,BA1657,75,1,2,3,0,0,0,0,135,1151.25,0.0,0,0,0,100
12/27/17,BA1657,75,1,2,3,0,0,0,0,136,1153.17,0.0,0,0,0,100
12/27/17,BA1657,75,1,2,3,0,0,0,0,137,1153.51,0.0,0,0,0,100
12/27/17,BA1657,75,1,2,3,0,0,0,0,138,1153.89,0.0,0,0,0,100
12/27/17,BA1657,75,1,2,3,0,0,0,0,139,1154.09,0.0,0,0,0,100
12/27/17,BA1657,75,1,2,3,0,0,0,0,140,1154.2,0.0,0,0,0,100
12/27/17,BA1657,75,1,2,3,0,0,0,0,141,1154.28,0.0,0,0,0,100
12/27/17,BA1657,75,1,2,3,0,0,0,0,142,1154.35,0.0,0,0,0,100
12/27/17,BA1657,75,1,2,3,0,0,0,0,143,1156.58,0.0,0,0,0,100
12/27/17,BA1657,75,1,2,3,0,0,0,0,144,1156.88,0.0,0,0,0,100
12/27/17,BA1657,75,1,2,3,0,0,0,0,145,1157.1,0.0,0,0,0,100
12/27/17,BA1657,75,1,2,3,0,0,0,0,146,1157.33,0.0,0,0,0,100
12/27/17,BA1657,75,1,2,3,0,0,0,0,147,1157.63,0.0,0,0,0,100
12/27/17,BA1657,75,1,2,3,0,0,0,0,148,1157.98,0.0,0,0,0,100
12/27/17,BA1657,75,1,2,3,0,0,0,0,149,1158.24,0.0,0,0,0,100
12/27/17,BA1657,75,1,2,3,0,0,0,0,150,1158.6,0.0,0,0,0,100
12/27/17,BA1657,0,1,0,0,-1,-1,0,0,0,1158.6,0.0,0,0,0,200
12/27/17,BA1657,75,1,0,3,0,0,0,0,151,1178.97,20.37,0,0,0,100
12/27/17,BA1657,75,1,2,3,0,0,0,0,152,1179.33,0.0,0,0,0,100
12/27/17,BA1657,75,1,2,3,0,0,0,0,153,1179.89,0.0,0,0,0,100
12/27/17,BA1657,75,1,2,3,0,0,0,0,154,1180.28,0.0,0,0,0,100
12/27/17,BA1657,75,1,2,3,0,0,0,0,155,1182.9,0.0,0,0,0,100
12/27/17,BA1657,75,1,2,3,0,0,0,0,156,1183.12,0.0,0,0,0,100
12/27/17,BA1657,75,1,2,3,0,0,0,0,157,1183.72,0.0,0,0,0,100
12/27/17,BA1657,75,1,2,3,0,0,0,0,158,1183.97,0.0,0,0,0,100
12/27/17,BA1657,75,1,2,3,0,0,0,0,159,1184.25,0.0,0,0,0,100
12/27/17,BA1657,75,1,2,3,0,0,0,0,160,1184.72,0.0,0,0,0,100
12/27/17,BA1657,75,1,2,3,0,0,0,0,161,1185.31,0.0,0,0,0,100
12/27/17,BA1657,75,1,2,3,0,0,0,0,162,1186.45,0.0,0,0,0,100
12/27/17,BA1657,75,1,2,3,0,0,0,0,163,1186.67,0.0,0,0,0,100
12/27/17,BA1657,75,1,2,3,0,0,0,0,164,1187.1,0.0,0,0,0,100
12/27/17,BA1657,75,1,2,3,0,0,0,0,165,1188.14,0.0,0,0,0,100
12/27/17,BA1657,75,1,2,3,0,0,0,0,166,1188.62,0.0,0,0,0,100
12/27/17,BA1657,75,1,2,3,0,0,0,0,167,1189.16,0.0,0,0,0,100
12/27/17,BA1657,75,1,2,3,0,0,0,0,168,1190.65,0.0,0,0,0,100
12/27/17,BA1657,75,1,2,3,0,0,0,0,169,1191.04,0.0,0,0,0,100
12/27/17,BA1657,75,1,2,3,0,0,0,0,170,1191.19,0.0,0,0,0,100
12/27/17,BA1657,75,1,2,3,0,0,0,0,171,1191.35,0.0,0,0,0,100
12/27/17,BA1657,75,1,2,3,0,0,0,0,172,1191.93,0.0,0,0,0,100
12/27/17,BA1657,75,1,2,3,0,0,0,0,173,1192.18,0.0,0,0,0,100
12/27/17,BA1657,75,1,2,3,0,0,0,0,174,1192.24,0.0,0,0,0,100
12/27/17,BA1657,75,1,2,3,0,0,0,0,175,1192.31,0.0,0,0,0,100
12/27/17,BA1657,0,1,0,0,-1,-1,0,0,0,1192.31,0.0,0,0,0,200
12/27/17,BA1657,75,1,0,3,0,0,0,0,176,1211.95,19.64,0,0,0,100
12/27/17,BA1657,75,1,2,3,0,0,0,0,177,1213.11,0.0,0,0,0,100
12/27/17,BA1657,75,1,2,3,0,0,0,0,178,1213.35,0.0,0,0,0,100
12/27/17,BA1657,75,1,2,3,0,0,0,0,179,1213.99,0.0,0,0,0,100
12/27/17,BA1657,75,1,2,3,0,0,0,0,180,1214.14,0.0,0,0,0,100
12/27/17,BA1657,75,1,2,3,0,0,0,0,181,1214.28,0.0,0,0,0,100
12/27/17,BA1657,75,1,2,3,0,0,0,0,182,1214.37,0.0,0,0,0,100
12/27/17,BA1657,75,1,2,3,0,0,0,0,183,1214.47,0.0,0,0,0,100
12/27/17,BA1657,75,1,2,3,0,0,0,0,184,1214.83,0.0,0,0,0,100
12/27/17,BA1657,75,1,2,3,0,0,0,0,185,1215.05,0.0,0,0,0,100
12/27/17,BA1657,75,1,2,3,0,0,0,0,186,1216.02,0.0,0,0,0,100
12/27/17,BA1657,75,1,2,3,0,0,0,0,187,1216.49,0.0,0,0,0,100
12/27/17,BA1657,75,1,2,3,0,0,0,0,188,1217.32,0.0,0,0,0,100
12/27/17,BA1657,75,1,2,3,0,0,0,0,189,1217.59,0.0,0,0,0,100
12/27/17,BA1657,75,1,2,3,0,0,0,0,190,1217.71,0.0,0,0,0,100
12/27/17,BA1657,75,1,2,3,0,0,0,0,191,1217.81,0.0,0,0,0,100
12/27/17,BA1657,75,1,2,3,0,0,0,0,192,1218.48,0.0,0,0,0,100
12/27/17,BA1657,75,1,2,3,0,0,0,0,193,1219.92,0.0,0,0,0,100
12/27/17,BA1657,75,1,2,3,0,0,0,0,194,1220.21,0.0,0,0,0,100
12/27/17,BA1657,75,1,2,3,0,0,0,0,195,1220.78,0.0,0,0,0,100
12/27/17,BA1657,75,1,2,3,0,0,0,0,196,1221.1,0.0,0,0,0,100
12/27/17,BA1657,75,1,2,3,0,0,0,0,197,1221.19,0.0,0,0,0,100
12/27/17,BA1657,75,1,2,3,0,0,0,0,198,1221.36,0.0,0,0,0,100
12/27/17,BA1657,75,1,2,3,0,0,0,0,199,1221.51,0.0,0,0,0,100
12/27/17,BA1657,75,1,2,3,0,0,0,0,200,1221.73,0.0,0,0,0,100
12/27/17,BA1657,0,1,0,0,-1,-1,0,0,0,1221.73,0.0,0,0,0,200
12/27/17,BA1657,75,1,0,3,0,0,0,0,0,1224.79,3.06,0,0,0,310
12/27/17,BA1657,75,1,2,3,0,0,76,0,0,1240.23,0.0,0,0,0,110
12/27/17,BA1657,75,1,2,3,0,0,77,0,0,1240.48,0.0,0,0,0,110
12/27/17,BA1657,75,1,2,3,0,0,78,0,0,1241.12,0.0,0,0,0,110
12/27/17,BA1657,75,1,2,3,0,0,79,0,0,1241.31,0.0,0,0,0,110
12/27/17,BA1657,75,1,2,3,0,0,80,0,0,1243.64,0.0,0,0,0,110
12/27/17,BA1657,75,1,2,3,0,0,81,0,0,1243.9,0.0,0,0,0,110
12/27/17,BA1657,75,1,2,3,0,0,82,0,0,1244.84,0.0,0,0,0,110
12/27/17,BA1657,75,1,2,3,0,0,83,0,0,1245.2,0.0,0,0,0,110
12/27/17,BA1657,75,1,2,3,0,0,84,0,0,1245.36,0.0,0,0,0,110
12/27/17,BA1657,75,1,2,3,0,0,85,0,0,1245.53,0.0,0,0,0,110
12/27/17,BA1657,75,1,2,3,0,0,86,0,0,1247.11,0.0,0,0,0,110
12/27/17,BA1657,75,1,2,3,0,0,87,0,0,1247.38,0.0,0,0,0,110
12/27/17,BA1657,75,1,2,3,0,0,88,0,0,1248.05,0.0,0,0,0,110
12/27/17,BA1657,75,1,2,3,0,0,89,0,0,1248.21,0.0,0,0,0,110
12/27/17,BA1657,75,1,2,3,0,0,90,0,0,1248.36,0.0,0,0,0,110
12/27/17,BA1657,75,1,2,3,0,0,91,0,0,1248.44,0.0,0,0,0,110
12/27/17,BA1657,75,1,2,3,0,0,92,0,0,1248.51,0.0,0,0,0,110
12/27/17,BA1657,75,1,2,3,0,0,93,0,0,1248.59,0.0,0,0,0,110
12/27/17,BA1657,75,1,2,3,0,0,94,0,0,1248.69,0.0,0,0,0,110
12/27/17,BA1657,75,1,2,3,0,0,95,0,0,1248.76,0.0,0,0,0,110
12/27/17,BA1657,75,1,2,3,0,0,96,0,0,1248.99,0.0,0,0,0,110
12/27/17,BA1657,75,1,2,3,0,0,97,0,0,1249.11,0.0,0,0,0,110
12/27/17,BA1657,75,1,2,3,0,0,98,0,0,1249.17,0.0,0,0,0,110
12/27/17,BA1657,75,1,2,3,0,0,99,0,0,1249.34,0.0,0,0,0,110
12/27/17,BA1657,75,1,2,3,0,0,100,0,0,1249.88,0.0,0,0,0,110
12/27/17,BA1657,75,1,2,3,0,0,101,0,0,1250.27,0.0,0,0,0,110
12/27/17,BA1657,75,1,2,3,0,0,102,0,0,1251.71,0.0,0,0,0,110
12/27/17,BA1657,75,1,2,3,0,0,103,0,0,1251.99,0.0,0,0,0,110
12/27/17,BA1657,75,1,2,3,0,0,104,0,0,1252.38,0.0,0,0,0,110
12/27/17,BA1657,75,1,2,3,0,0,105,0,0,1252.74,0.0,0,0,0,110
12/27/17,BA1657,75,1,2,3,0,0,106,0,0,1252.81,0.0,0,0,0,110
12/27/17,BA1657,75,1,2,3,0,0,107,0,0,1252.87,0.0,0,0,0,110
12/27/17,BA1657,75,1,2,3,0,0,108,0,0,1252.95,0.0,0,0,0,110
12/27/17,BA1657,75,1,2,3,0,0,109,0,0,1253.14,0.0,0,0,0,110
12/27/17,BA1657,75,1,2,3,0,0,110,0,0,1253.3,0.0,0,0,0,110
12/27/17,BA1657,75,1,2,3,0,0,111,0,0,1253.37,0.0,0,0,0,110
12/27/17,BA1657,75,1,2,3,0,0,112,0,0,1253.42,0.0,0,0,0,110
12/27/17,BA1657,75,1,2,3,0,0,113,0,0,1253.53,0.0,0,0,0,110
12/27/17,BA1657,75,1,2,3,0,0,114,0,0,1255.63,0.0,0,0,0,110
12/27/17,BA1657,75,1,2,3,0,0,115,0,0,1256.08,0.0,0,0,0,110
12/27/17,BA1657,75,1,2,3,0,0,116,0,0,1256.27,0.0,0,0,0,110
12/27/17,BA1657,75,1,2,3,0,0,117,0,0,1256.62,0.0,0,0,0,110
12/27/17,BA1657,75,1,2,3,0,0,118,0,0,1256.91,0.0,0,0,0,110
12/27/17,BA1657,75,1,2,3,0,0,119,0,0,1257.25,0.0,0,0,0,110
12/27/17,BA1657,75,1,2,3,0,0,120,0,0,1257.36,0.0,0,0,0,110
12/27/17,BA1657,75,1,2,3,0,0,121,0,0,1257.44,0.0,0,0,0,110
12/27/17,BA1657,75,1,2,3,0,0,122,0,0,1257.57,0.0,0,0,0,110
12/27/17,BA1657,75,1,2,3,0,0,123,0,0,1257.72,0.0,0,0,0,110
12/27/17,BA1657,75,1,2,3,0,0,124,0,0,1257.89,0.0,0,0,0,110
12/27/17,BA1657,75,1,2,3,0,0,125,0,0,1258.08,0.0,0,0,0,110
12/27/17,BA1657,75,1,2,3,0,0,126,0,0,1258.28,0.0,0,0,0,110
12/27/17,BA1657,75,1,2,3,0,0,127,0,0,1259.67,0.0,0,0,0,110
12/27/17,BA1657,75,1,2,3,0,0,128,0,0,1259.9,0.0,0,0,0,110
12/27/17,BA1657,75,1,2,3,0,0,129,0,0,1260.66,0.0,0,0,0,110
12/27/17,BA1657,75,1,2,3,0,0,130,0,0,1260.81,0.0,0,0,0,110
12/27/17,BA1657,75,1,2,3,0,0,131,0,0,1260.88,0.0,0,0,0,110
12/27/17,BA1657,75,1,2,3,0,0,132,0,0,1260.96,0.0,0,0,0,110
12/27/17,BA1657,75,1,2,3,0,0,133,0,0,1261.04,0.0,0,0,0,110
12/27/17,BA1657,75,1,2,3,0,0,134,0,0,1261.39,0.0,0,0,0,110
12/27/17,BA1657,75,1,2,3,0,0,135,0,0,1261.52,0.0,0,0,0,110
12/27/17,BA1657,75,1,2,3,0,0,136,0,0,1261.65,0.0,0,0,0,110
12/27/17,BA1657,75,1,2,3,0,0,137,0,0,1261.9,0.0,0,0,0,110
12/27/17,BA1657,75,1,2,3,0,0,138,0,0,1263.8,0.0,0,0,0,110
12/27/17,BA1657,75,1,2,3,0,0,139,0,0,1264.22,0.0,0,0,0,110
12/27/17,BA1657,75,1,2,3,0,0,140,0,0,1264.49,0.0,0,0,0,110
12/27/17,BA1657,75,1,2,3,0,0,141,0,0,1264.94,0.0,0,0,0,110
12/27/17,BA1657,75,1,2,3,0,0,142,0,0,1265.06,0.0,0,0,0,110
12/27/17,BA1657,75,1,2,3,0,0,143,0,0,1265.3,0.0,0,0,0,110
12/27/17,BA1657,75,1,2,3,0,0,144,0,0,1265.37,0.0,0,0,0,110
12/27/17,BA1657,75,1,2,3,0,0,145,0,0,1265.44,0.0,0,0,0,110
12/27/17,BA1657,75,1,2,3,0,0,146,0,0,1265.54,0.0,0,0,0,110
12/27/17,BA1657,75,1,2,3,0,0,147,0,0,1265.64,0.0,0,0,0,110
12/27/17,BA1657,75,1,2,3,0,0,148,0,0,1265.71,0.0,0,0,0,110
12/27/17,BA1657,75,1,2,3,0,0,149,0,0,1265.78,0.0,0,0,0,110
12/27/17,BA1657,75,1,2,3,0,0,150,0,0,1265.84,0.0,0,0,0,110
12/27/17,BA1657,75,1,2,3,0,0,151,0,0,1265.99,0.0,0,0,0,110
12/27/17,BA1657,75,1,2,3,0,0,152,0,0,1266.15,0.0,0,0,0,110
12/27/17,BA1657,75,1,2,3,0,0,153,0,0,1266.44,0.0,0,0,0,110
12/27/17,BA1657,75,1,2,3,0,0,154,0,0,1266.7,0.0,0,0,0,110
12/27/17,BA1657,75,1,2,3,0,0,155,0,0,1268.55,0.0,0,0,0,110
12/27/17,BA1657,75,1,2,3,0,0,156,0,0,1268.84,0.0,0,0,0,110
12/27/17,BA1657,75,1,2,3,0,0,157,0,0,1269.03,0.0,0,0,0,110
12/27/17,BA1657,75,1,2,3,0,0,158,0,0,1269.45,0.0,0,0,0,110
12/27/17,BA1657,75,1,2,3,0,0,159,0,0,1270.12,0.0,0,0,0,110
12/27/17,BA1657,75,1,2,3,0,0,160,0,0,1270.24,0.0,0,0,0,110
12/27/17,BA1657,75,1,2,3,0,0,161,0,0,1270.41,0.0,0,0,0,110
12/27/17,BA1657,75,1,2,3,0,0,162,0,0,1270.53,0.0,0,0,0,110
12/27/17,BA1657,75,1,2,3,0,0,163,0,0,1270.86,0.0,0,0,0,110
12/27/17,BA1657,75,1,2,3,0,0,164,0,0,1271.14,0.0,0,0,0,110
12/27/17,BA1657,75,1,2,3,0,0,165,0,0,1271.3,0.0,0,0,0,110
12/27/17,BA1657,75,1,2,3,0,0,166,0,0,1273.29,0.0,0,0,0,110
12/27/17,BA1657,75,1,2,3,0,0,167,0,0,1273.88,0.0,0,0,0,110
12/27/17,BA1657,75,1,2,3,0,0,168,0,0,1274.18,0.0,0,0,0,110
12/27/17,BA1657,75,1,2,3,0,0,169,0,0,1274.27,0.0,0,0,0,110
12/27/17,BA1657,75,1,2,3,0,0,170,0,0,1274.36,0.0,0,0,0,110
12/27/17,BA1657,75,1,2,3,0,0,171,0,0,1274.45,0.0,0,0,0,110
12/27/17,BA1657,75,1,2,3,0,0,172,0,0,1274.52,0.0,0,0,0,110
12/27/17,BA1657,75,1,2,3,0,0,173,0,0,1274.6,0.0,0,0,0,110
12/27/17,BA1657,75,1,2,3,0,0,174,0,0,1275.29,0.0,0,0,0,110
12/27/17,BA1657,75,1,2,3,0,0,0,0,0,1275.29,0.0,0,0,0,210
12/27/17,BA1657,0,1,2,0,0,0,0,0,0,1277.39,0.0,0,0,0,300
12/27/17,BA1657,100,1,2,4,0,0,0,0,201,1293.59,0.0,0,0,0,100
12/27/17,BA1657,100,1,2,4,0,0,0,0,202,1293.81,0.0,0,0,0,100
12/27/17,BA1657,100,1,2,4,0,0,0,0,203,1294.17,0.0,0,0,0,100
12/27/17,BA1657,100,1,2,4,0,0,0,0,204,1294.64,0.0,0,0,0,100
12/27/17,BA1657,100,1,2,4,0,0,0,0,205,1294.92,0.0,0,0,0,100
12/27/17,BA1657,100,1,2,4,0,0,0,0,206,1295.31,0.0,0,0,0,100
12/27/17,BA1657,100,1,2,4,0,0,0,0,207,1295.49,0.0,0,0,0,100
12/27/17,BA1657,100,1,2,4,0,0,0,0,208,1296.0,0.0,0,0,0,100
12/27/17,BA1657,100,1,2,4,0,0,0,0,209,1296.34,0.0,0,0,0,100
12/27/17,BA1657,100,1,2,4,0,0,0,0,210,1296.48,0.0,0,0,0,100
12/27/17,BA1657,100,1,2,4,0,0,0,0,211,1298.1,0.0,0,0,0,100
12/27/17,BA1657,100,1,2,4,0,0,0,0,212,1298.37,0.0,0,0,0,100
12/27/17,BA1657,100,1,2,4,0,0,0,0,213,1299.39,0.0,0,0,0,100
12/27/17,BA1657,100,1,2,4,0,0,0,0,214,1299.7,0.0,0,0,0,100
12/27/17,BA1657,100,1,2,4,0,0,0,0,215,1299.82,0.0,0,0,0,100
12/27/17,BA1657,100,1,2,4,0,0,0,0,216,1300.01,0.0,0,0,0,100
12/27/17,BA1657,100,1,2,4,0,0,0,0,217,1300.19,0.0,0,0,0,100
12/27/17,BA1657,100,1,2,4,0,0,0,0,218,1300.3,0.0,0,0,0,100
12/27/17,BA1657,100,1,2,4,0,0,0,0,219,1300.45,0.0,0,0,0,100
12/27/17,BA1657,100,1,2,4,0,0,0,0,220,1302.01,0.0,0,0,0,100
12/27/17,BA1657,100,1,2,4,0,0,0,0,221,1302.44,0.0,0,0,0,100
12/27/17,BA1657,100,1,2,4,0,0,0,0,222,1302.68,0.0,0,0,0,100
12/27/17,BA1657,100,1,2,4,0,0,0,0,223,1302.97,0.0,0,0,0,100
12/27/17,BA1657,100,1,2,4,0,0,0,0,224,1303.4,0.0,0,0,0,100
12/27/17,BA1657,100,1,2,4,0,0,0,0,225,1303.6,0.0,0,0,0,100
12/27/17,BA1657,0,1,0,0,-1,-1,0,0,0,1303.6,0.0,0,0,0,200
12/27/17,BA1657,100,1,0,4,0,0,0,0,226,1331.9,28.3,0,0,0,100
12/27/17,BA1657,100,1,2,4,0,0,0,0,227,1332.48,0.0,0,0,0,100
12/27/17,BA1657,100,1,2,4,0,0,0,0,228,1332.97,0.0,0,0,0,100
12/27/17,BA1657,100,1,2,4,0,0,0,0,229,1333.2,0.0,0,0,0,100
12/27/17,BA1657,100,1,2,4,0,0,0,0,230,1333.64,0.0,0,0,0,100
12/27/17,BA1657,100,1,2,4,0,0,0,0,231,1333.91,0.0,0,0,0,100
12/27/17,BA1657,100,1,2,4,0,0,0,0,232,1334.05,0.0,0,0,0,100
12/27/17,BA1657,100,1,2,4,0,0,0,0,233,1335.38,0.0,0,0,0,100
12/27/17,BA1657,100,1,2,4,0,0,0,0,234,1335.77,0.0,0,0,0,100
12/27/17,BA1657,100,1,2,4,0,0,0,0,235,1336.09,0.0,0,0,0,100
12/27/17,BA1657,100,1,2,4,0,0,0,0,236,1336.8,0.0,0,0,0,100
12/27/17,BA1657,100,1,2,4,0,0,0,0,237,1337.25,0.0,0,0,0,100
12/27/17,BA1657,100,1,2,4,0,0,0,0,238,1337.39,0.0,0,0,0,100
12/27/17,BA1657,100,1,2,4,0,0,0,0,239,1337.53,0.0,0,0,0,100
12/27/17,BA1657,100,1,2,4,0,0,0,0,240,1337.78,0.0,0,0,0,100
12/27/17,BA1657,100,1,2,4,0,0,0,0,241,1339.05,0.0,0,0,0,100
12/27/17,BA1657,100,1,2,4,0,0,0,0,242,1339.48,0.0,0,0,0,100
12/27/17,BA1657,100,1,2,4,0,0,0,0,243,1339.72,0.0,0,0,0,100
12/27/17,BA1657,100,1,2,4,0,0,0,0,244,1339.96,0.0,0,0,0,100
12/27/17,BA1657,100,1,2,4,0,0,0,0,245,1341.04,0.0,0,0,0,100
12/27/17,BA1657,100,1,2,4,0,0,0,0,246,1342.28,0.0,0,0,0,100
12/27/17,BA1657,100,1,2,4,0,0,0,0,247,1342.46,0.0,0,0,0,100
12/27/17,BA1657,100,1,2,4,0,0,0,0,248,1342.83,0.0,0,0,0,100
12/27/17,BA1657,100,1,2,4,0,0,0,0,249,1342.97,0.0,0,0,0,100
12/27/17,BA1657,100,1,2,4,0,0,0,0,250,1343.38,0.0,0,0,0,100
12/27/17,BA1657,0,1,0,0,-1,-1,0,0,0,1343.38,0.0,0,0,0,200
12/27/17,BA1657,100,1,0,4,0,0,0,0,251,1363.46,20.08,0,0,0,100
12/27/17,BA1657,100,1,2,4,0,0,0,0,252,1363.87,0.0,0,0,0,100
12/27/17,BA1657,100,1,2,4,0,0,0,0,253,1364.27,0.0,0,0,0,100
12/27/17,BA1657,100,1,2,4,0,0,0,0,254,1364.45,0.0,0,0,0,100
12/27/17,BA1657,100,1,2,4,0,0,0,0,255,1365.16,0.0,0,0,0,100
12/27/17,BA1657,100,1,2,4,0,0,0,0,256,1365.6,0.0,0,0,0,100
12/27/17,BA1657,100,1,2,4,0,0,0,0,257,1366.93,0.0,0,0,0,100
12/27/17,BA1657,100,1,2,4,0,0,0,0,258,1367.34,0.0,0,0,0,100
12/27/17,BA1657,100,1,2,4,0,0,0,0,259,1367.48,0.0,0,0,0,100
12/27/17,BA1657,100,1,2,4,0,0,0,0,260,1367.72,0.0,0,0,0,100
12/27/17,BA1657,100,1,2,4,0,0,0,0,261,1368.24,0.0,0,0,0,100
12/27/17,BA1657,100,1,2,4,0,0,0,0,262,1368.48,0.0,0,0,0,100
12/27/17,BA1657,100,1,2,4,0,0,0,0,263,1368.75,0.0,0,0,0,100
12/27/17,BA1657,100,1,2,4,0,0,0,0,264,1368.94,0.0,0,0,0,100
12/27/17,BA1657,100,1,2,4,0,0,0,0,265,1369.12,0.0,0,0,0,100
12/27/17,BA1657,100,1,2,4,0,0,0,0,266,1370.35,0.0,0,0,0,100
12/27/17,BA1657,100,1,2,4,0,0,0,0,267,1370.79,0.0,0,0,0,100
12/27/17,BA1657,100,1,2,4,0,0,0,0,268,1371.03,0.0,0,0,0,100
12/27/17,BA1657,100,1,2,4,0,0,0,0,269,1371.29,0.0,0,0,0,100
12/27/17,BA1657,100,1,2,4,0,0,0,0,270,1372.25,0.0,0,0,0,100
12/27/17,BA1657,100,1,2,4,0,0,0,0,271,1372.57,0.0,0,0,0,100
12/27/17,BA1657,100,1,2,4,0,0,0,0,272,1372.75,0.0,0,0,0,100
12/27/17,BA1657,100,1,2,4,0,0,0,0,273,1374.01,0.0,0,0,0,100
12/27/17,BA1657,100,1,2,4,0,0,0,0,274,1374.43,0.0,0,0,0,100
12/27/17,BA1657,100,1,2,4,0,0,0,0,275,1374.54,0.0,0,0,0,100
12/27/17,BA1657,0,1,0,0,-1,-1,0,0,0,1374.54,0.0,0,0,0,200
12/27/17,BA1657,100,1,0,4,0,0,0,0,276,1395.74,21.2,0,0,0,100
12/27/17,BA1657,100,1,2,4,0,0,0,0,277,1395.96,0.0,0,0,0,100
12/27/17,BA1657,100,1,2,4,0,0,0,0,278,1396.74,0.0,0,0,0,100
12/27/17,BA1657,100,1,2,4,0,0,0,0,279,1402.01,0.0,0,0,0,100
12/27/17,BA1657,100,1,2,4,0,0,0,0,280,1402.21,0.0,0,0,0,100
12/27/17,BA1657,100,1,2,4,0,0,0,0,281,1402.37,0.0,0,0,0,100
12/27/17,BA1657,100,1,2,4,0,0,0,0,282,1403.14,0.0,0,0,0,100
12/27/17,BA1657,100,1,2,4,0,0,0,0,283,1403.46,0.0,0,0,0,100
12/27/17,BA1657,100,1,2,4,0,0,0,0,284,1403.78,0.0,0,0,0,100
12/27/17,BA1657,100,1,2,4,0,0,0,0,285,1404.02,0.0,0,0,0,100
12/27/17,BA1657,100,1,2,4,0,0,0,0,286,1404.25,0.0,0,0,0,100
12/27/17,BA1657,100,1,2,4,0,0,0,0,287,1405.68,0.0,0,0,0,100
12/27/17,BA1657,100,1,2,4,0,0,0,0,288,1406.09,0.0,0,0,0,100
12/27/17,BA1657,100,1,2,4,0,0,0,0,289,1406.33,0.0,0,0,0,100
12/27/17,BA1657,100,1,2,4,0,0,0,0,290,1406.63,0.0,0,0,0,100
12/27/17,BA1657,100,1,2,4,0,0,0,0,291,1407.13,0.0,0,0,0,100
12/27/17,BA1657,100,1,2,4,0,0,0,0,292,1407.23,0.0,0,0,0,100
12/27/17,BA1657,100,1,2,4,0,0,0,0,293,1407.42,0.0,0,0,0,100
12/27/17,BA1657,100,1,2,4,0,0,0,0,294,1407.48,0.0,0,0,0,100
12/27/17,BA1657,100,1,2,4,0,0,0,0,295,1407.82,0.0,0,0,0,100
12/27/17,BA1657,100,1,2,4,0,0,0,0,296,1408.13,0.0,0,0,0,100
12/27/17,BA1657,100,1,2,4,0,0,0,0,297,1408.3,0.0,0,0,0,100
12/27/17,BA1657,100,1,2,4,0,0,0,0,298,1408.73,0.0,0,0,0,100
12/27/17,BA1657,100,1,2,4,0,0,0,0,299,1409.94,0.0,0,0,0,100
12/27/17,BA1657,100,1,2,4,0,0,0,0,300,1410.1,0.0,0,0,0,100
12/27/17,BA1657,0,1,0,0,-1,-1,0,0,0,1410.1,0.0,0,0,0,200
12/27/17,BA1657,100,1,0,4,0,0,0,0,301,1423.87,13.77,0,0,0,100
12/27/17,BA1657,100,1,2,4,0,0,0,0,302,1424.04,0.0,0,0,0,100
12/27/17,BA1657,100,1,2,4,0,0,0,0,303,1424.31,0.0,0,0,0,100
12/27/17,BA1657,100,1,2,4,0,0,0,0,304,1424.8,0.0,0,0,0,100
12/27/17,BA1657,100,1,2,4,0,0,0,0,305,1425.26,0.0,0,0,0,100
12/27/17,BA1657,100,1,2,4,0,0,0,0,306,1425.76,0.0,0,0,0,100
12/27/17,BA1657,100,1,2,4,0,0,0,0,307,1425.93,0.0,0,0,0,100
12/27/17,BA1657,100,1,2,4,0,0,0,0,308,1426.06,0.0,0,0,0,100
12/27/17,BA1657,100,1,2,4,0,0,0,0,309,1426.2,0.0,0,0,0,100
12/27/17,BA1657,100,1,2,4,0,0,0,0,310,1426.29,0.0,0,0,0,100
12/27/17,BA1657,100,1,2,4,0,0,0,0,311,1426.68,0.0,0,0,0,100
12/27/17,BA1657,100,1,2,4,0,0,0,0,312,1427.23,0.0,0,0,0,100
12/27/17,BA1657,100,1,2,4,0,0,0,0,313,1427.59,0.0,0,0,0,100
12/27/17,BA1657,100,1,2,4,0,0,0,0,314,1428.75,0.0,0,0,0,100
12/27/17,BA1657,100,1,2,4,0,0,0,0,315,1429.21,0.0,0,0,0,100
12/27/17,BA1657,100,1,2,4,0,0,0,0,316,1429.47,0.0,0,0,0,100
12/27/17,BA1657,100,1,2,4,0,0,0,0,317,1429.71,0.0,0,0,0,100
12/27/17,BA1657,100,1,2,4,0,0,0,0,318,1430.36,0.0,0,0,0,100
12/27/17,BA1657,100,1,2,4,0,0,0,0,319,1430.46,0.0,0,0,0,100
12/27/17,BA1657,100,1,2,4,0,0,0,0,320,1430.54,0.0,0,0,0,100
12/27/17,BA1657,100,1,2,4,0,0,0,0,321,1430.89,0.0,0,0,0,100
12/27/17,BA1657,100,1,2,4,0,0,0,0,322,1431.48,0.0,0,0,0,100
12/27/17,BA1657,100,1,2,4,0,0,0,0,323,1433.06,0.0,0,0,0,100
12/27/17,BA1657,100,1,2,4,0,0,0,0,324,1433.86,0.0,0,0,0,100
12/27/17,BA1657,100,1,2,4,0,0,0,0,325,1433.92,0.0,0,0,0,100
12/27/17,BA1657,0,1,0,0,-1,-1,0,0,0,1433.92,0.0,0,0,0,200
12/27/17,BA1657,100,1,0,4,0,0,0,0,326,1452.64,18.72,0,0,0,100
12/27/17,BA1657,100,1,2,4,0,0,0,0,327,1452.84,0.0,0,0,0,100
12/27/17,BA1657,100,1,2,4,0,0,0,0,328,1454.2,0.0,0,0,0,100
12/27/17,BA1657,100,1,2,4,0,0,0,0,329,1454.63,0.0,0,0,0,100
12/27/17,BA1657,100,1,2,4,0,0,0,0,330,1454.94,0.0,0,0,0,100
12/27/17,BA1657,100,1,2,4,0,0,0,0,331,1455.68,0.0,0,0,0,100
12/27/17,BA1657,100,1,2,4,0,0,0,0,332,1457.31,0.0,0,0,0,100
12/27/17,BA1657,100,1,2,4,0,0,0,0,333,1457.71,0.0,0,0,0,100
12/27/17,BA1657,100,1,2,4,0,0,0,0,334,1458.06,0.0,0,0,0,100
12/27/17,BA1657,100,1,2,4,0,0,0,0,335,1458.67,0.0,0,0,0,100
12/27/17,BA1657,100,1,2,4,0,0,0,0,336,1458.93,0.0,0,0,0,100
12/27/17,BA1657,100,1,2,4,0,0,0,0,337,1459.23,0.0,0,0,0,100
12/27/17,BA1657,100,1,2,4,0,0,0,0,338,1460.38,0.0,0,0,0,100
12/27/17,BA1657,100,1,2,4,0,0,0,0,339,1460.89,0.0,0,0,0,100
12/27/17,BA1657,100,1,2,4,0,0,0,0,340,1461.18,0.0,0,0,0,100
12/27/17,BA1657,100,1,2,4,0,0,0,0,341,1461.53,0.0,0,0,0,100
12/27/17,BA1657,100,1,2,4,0,0,0,0,342,1462.2,0.0,0,0,0,100
12/27/17,BA1657,100,1,2,4,0,0,0,0,343,1462.46,0.0,0,0,0,100
12/27/17,BA1657,100,1,2,4,0,0,0,0,344,1463.72,0.0,0,0,0,100
12/27/17,BA1657,100,1,2,4,0,0,0,0,345,1463.98,0.0,0,0,0,100
12/27/17,BA1657,100,1,2,4,0,0,0,0,346,1464.52,0.0,0,0,0,100
12/27/17,BA1657,100,1,2,4,0,0,0,0,347,1464.9,0.0,0,0,0,100
12/27/17,BA1657,100,1,2,4,0,0,0,0,348,1465.22,0.0,0,0,0,100
12/27/17,BA1657,100,1,2,4,0,0,0,0,349,1465.38,0.0,0,0,0,100
12/27/17,BA1657,100,1,2,4,0,0,0,0,350,1465.65,0.0,0,0,0,100
12/27/17,BA1657,0,1,0,0,-1,-1,0,0,0,1465.65,0.0,0,0,0,200
12/27/17,BA1657,100,1,0,4,0,0,0,0,351,1478.03,12.38,0,0,0,100
12/27/17,BA1657,100,1,2,4,0,0,0,0,352,1478.9,0.0,0,0,0,100
12/27/17,BA1657,100,1,2,4,0,0,0,0,353,1479.15,0.0,0,0,0,100
12/27/17,BA1657,100,1,2,4,0,0,0,0,354,1479.81,0.0,0,0,0,100
12/27/17,BA1657,100,1,2,4,0,0,0,0,355,1480.06,0.0,0,0,0,100
12/27/17,BA1657,100,1,2,4,0,0,0,0,356,1480.32,0.0,0,0,0,100
12/27/17,BA1657,100,1,2,4,0,0,0,0,357,1480.66,0.0,0,0,0,100
12/27/17,BA1657,100,1,2,4,0,0,0,0,358,1482.27,0.0,0,0,0,100
12/27/17,BA1657,100,1,2,4,0,0,0,0,359,1482.82,0.0,0,0,0,100
12/27/17,BA1657,100,1,2,4,0,0,0,0,360,1483.2,0.0,0,0,0,100
12/27/17,BA1657,100,1,2,4,0,0,0,0,361,1483.55,0.0,0,0,0,100
12/27/17,BA1657,100,1,2,4,0,0,0,0,362,1483.91,0.0,0,0,0,100
12/27/17,BA1657,100,1,2,4,0,0,0,0,363,1484.09,0.0,0,0,0,100
12/27/17,BA1657,100,1,2,4,0,0,0,0,364,1484.39,0.0,0,0,0,100
12/27/17,BA1657,100,1,2,4,0,0,0,0,365,1485.95,0.0,0,0,0,100
12/27/17,BA1657,100,1,2,4,0,0,0,0,366,1486.09,0.0,0,0,0,100
12/27/17,BA1657,100,1,2,4,0,0,0,0,367,1486.28,0.0,0,0,0,100
12/27/17,BA1657,100,1,2,4,0,0,0,0,368,1486.73,0.0,0,0,0,100
12/27/17,BA1657,100,1,2,4,0,0,0,0,369,1486.95,0.0,0,0,0,100
12/27/17,BA1657,100,1,2,4,0,0,0,0,370,1487.12,0.0,0,0,0,100
12/27/17,BA1657,100,1,2,4,0,0,0,0,371,1487.58,0.0,0,0,0,100
12/27/17,BA1657,100,1,2,4,0,0,0,0,372,1487.69,0.0,0,0,0,100
12/27/17,BA1657,100,1,2,4,0,0,0,0,373,1487.75,0.0,0,0,0,100
12/27/17,BA1657,100,1,2,4,0,0,0,0,374,1487.94,0.0,0,0,0,100
12/27/17,BA1657,100,1,2,4,0,0,0,0,375,1488.26,0.0,0,0,0,100
12/27/17,BA1657,0,1,0,0,-1,-1,0,0,0,1488.26,0.0,0,0,0,200
12/27/17,BA1657,100,1,0,4,0,0,0,0,376,1502.92,14.66,0,0,0,100
12/27/17,BA1657,100,1,2,4,0,0,0,0,377,1504.02,0.0,0,0,0,100
12/27/17,BA1657,100,1,2,4,0,0,0,0,378,1504.82,0.0,0,0,0,100
12/27/17,BA1657,100,1,2,4,0,0,0,0,379,1505.21,0.0,0,0,0,100
12/27/17,BA1657,100,1,2,4,0,0,0,0,380,1505.5,0.0,0,0,0,100
12/27/17,BA1657,100,1,2,4,0,0,0,0,381,1506.99,0.0,0,0,0,100
12/27/17,BA1657,100,1,2,4,0,0,0,0,382,1507.54,0.0,0,0,0,100
12/27/17,BA1657,100,1,2,4,0,0,0,0,383,1508.4,0.0,0,0,0,100
12/27/17,BA1657,100,1,2,4,0,0,0,0,384,1508.6,0.0,0,0,0,100
12/27/17,BA1657,100,1,2,4,0,0,0,0,385,1508.87,0.0,0,0,0,100
12/27/17,BA1657,100,1,2,4,0,0,0,0,386,1510.12,0.0,0,0,0,100
12/27/17,BA1657,100,1,2,4,0,0,0,0,387,1510.53,0.0,0,0,0,100
12/27/17,BA1657,100,1,2,4,0,0,0,0,388,1511.2,0.0,0,0,0,100
12/27/17,BA1657,100,1,2,4,0,0,0,0,389,1511.37,0.0,0,0,0,100
12/27/17,BA1657,100,1,2,4,0,0,0,0,390,1511.53,0.0,0,0,0,100
12/27/17,BA1657,100,1,2,4,0,0,0,0,391,1511.61,0.0,0,0,0,100
12/27/17,BA1657,100,1,2,4,0,0,0,0,392,1511.79,0.0,0,0,0,100
12/27/17,BA1657,100,1,2,4,0,0,0,0,393,1512.0,0.0,0,0,0,100
12/27/17,BA1657,100,1,2,4,0,0,0,0,394,1512.36,0.0,0,0,0,100
12/27/17,BA1657,100,1,2,4,0,0,0,0,395,1512.82,0.0,0,0,0,100
12/27/17,BA1657,100,1,2,4,0,0,0,0,396,1514.15,0.0,0,0,0,100
12/27/17,BA1657,100,1,2,4,0,0,0,0,397,1514.42,0.0,0,0,0,100
12/27/17,BA1657,100,1,2,4,0,0,0,0,398,1514.47,0.0,0,0,0,100
12/27/17,BA1657,100,1,2,4,0,0,0,0,399,1514.71,0.0,0,0,0,100
12/27/17,BA1657,100,1,2,4,0,0,0,0,400,1514.82,0.0,0,0,0,100
12/27/17,BA1657,0,1,0,0,-1,-1,0,0,0,1514.82,0.0,0,0,0,200
12/27/17,BA1657,100,1,0,4,0,0,0,0,401,1535.88,21.06,0,0,0,100
12/27/17,BA1657,100,1,2,4,0,0,0,0,402,1536.96,0.0,0,0,0,100
12/27/17,BA1657,100,1,2,4,0,0,0,0,403,1537.38,0.0,0,0,0,100
12/27/17,BA1657,100,1,2,4,0,0,0,0,404,1537.69,0.0,0,0,0,100
12/27/17,BA1657,100,1,2,4,0,0,0,0,405,1538.01,0.0,0,0,0,100
12/27/17,BA1657,100,1,2,4,0,0,0,0,406,1538.19,0.0,0,0,0,100
12/27/17,BA1657,100,1,2,4,0,0,0,0,407,1538.46,0.0,0,0,0,100
12/27/17,BA1657,100,1,2,4,0,0,0,0,408,1538.75,0.0,0,0,0,100
12/27/17,BA1657,100,1,2,4,0,0,0,0,409,1538.85,0.0,0,0,0,100
12/27/17,BA1657,100,1,2,4,0,0,0,0,410,1539.19,0.0,0,0,0,100
12/27/17,BA1657,100,1,2,4,0,0,0,0,411,1540.68,0.0,0,0,0,100
12/27/17,BA1657,100,1,2,4,0,0,0,0,412,1541.31,0.0,0,0,0,100
12/27/17,BA1657,100,1,2,4,0,0,0,0,413,1541.86,0.0,0,0,0,100
12/27/17,BA1657,100,1,2,4,0,0,0,0,414,1541.98,0.0,0,0,0,100
12/27/17,BA1657,100,1,2,4,0,0,0,0,415,1542.15,0.0,0,0,0,100
12/27/17,BA1657,100,1,2,4,0,0,0,0,416,1542.32,0.0,0,0,0,100
12/27/17,BA1657,100,1,2,4,0,0,0,0,417,1542.66,0.0,0,0,0,100
12/27/17,BA1657,100,1,2,4,0,0,0,0,418,1543.09,0.0,0,0,0,100
12/27/17,BA1657,100,1,2,4,0,0,0,0,419,1544.36,0.0,0,0,0,100
12/27/17,BA1657,100,1,2,4,0,0,0,0,420,1544.63,0.0,0,0,0,100
12/27/17,BA1657,100,1,2,4,0,0,0,0,421,1544.8,0.0,0,0,0,100
12/27/17,BA1657,100,1,2,4,0,0,0,0,422,1545.11,0.0,0,0,0,100
12/27/17,BA1657,100,1,2,4,0,0,0,0,423,1545.55,0.0,0,0,0,100
12/27/17,BA1657,100,1,2,4,0,0,0,0,424,1545.72,0.0,0,0,0,100
12/27/17,BA1657,100,1,2,4,0,0,0,0,425,1545.9,0.0,0,0,0,100
12/27/17,BA1657,0,1,0,0,-1,-1,0,0,0,1545.9,0.0,0,0,0,200
12/27/17,BA1657,100,1,0,4,0,0,0,0,0,1577.49,31.59,0,0,0,310
12/27/17,BA1657,100,1,2,4,0,0,175,0,0,1589.62,0.0,0,0,0,110
12/27/17,BA1657,100,1,2,4,0,0,176,0,0,1590.17,0.0,0,0,0,110
12/27/17,BA1657,100,1,2,4,0,0,177,0,0,1590.94,0.0,0,0,0,110
12/27/17,BA1657,100,1,2,4,0,0,178,0,0,1591.2,0.0,0,0,0,110
12/27/17,BA1657,100,1,2,4,0,0,179,0,0,1591.62,0.0,0,0,0,110
12/27/17,BA1657,100,1,2,4,0,0,180,0,0,1591.92,0.0,0,0,0,110
12/27/17,BA1657,100,1,2,4,0,0,181,0,0,1592.2,0.0,0,0,0,110
12/27/17,BA1657,100,1,2,4,0,0,182,0,0,1592.58,0.0,0,0,0,110
12/27/17,BA1657,100,1,2,4,0,0,183,0,0,1593.06,0.0,0,0,0,110
12/27/17,BA1657,100,1,2,4,0,0,184,0,0,1594.8,0.0,0,0,0,110
12/27/17,BA1657,100,1,2,4,0,0,185,0,0,1595.14,0.0,0,0,0,110
12/27/17,BA1657,100,1,2,4,0,0,186,0,0,1595.65,0.0,0,0,0,110
12/27/17,BA1657,100,1,2,4,0,0,187,0,0,1595.99,0.0,0,0,0,110
12/27/17,BA1657,100,1,2,4,0,0,188,0,0,1596.36,0.0,0,0,0,110
12/27/17,BA1657,100,1,2,4,0,0,189,0,0,1596.79,0.0,0,0,0,110
12/27/17,BA1657,100,1,2,4,0,0,190,0,0,1598.36,0.0,0,0,0,110
12/27/17,BA1657,100,1,2,4,0,0,191,0,0,1598.91,0.0,0,0,0,110
12/27/17,BA1657,100,1,2,4,0,0,192,0,0,1599.16,0.0,0,0,0,110
12/27/17,BA1657,100,1,2,4,0,0,193,0,0,1599.34,0.0,0,0,0,110
12/27/17,BA1657,100,1,2,4,0,0,194,0,0,1599.8,0.0,0,0,0,110
12/27/17,BA1657,100,1,2,4,0,0,195,0,0,1599.87,0.0,0,0,0,110
12/27/17,BA1657,100,1,2,4,0,0,196,0,0,1599.94,0.0,0,0,0,110
12/27/17,BA1657,100,1,2,4,0,0,197,0,0,1600.2,0.0,0,0,0,110
12/27/17,BA1657,100,1,2,4,0,0,198,0,0,1600.48,0.0,0,0,0,110
12/27/17,BA1657,100,1,2,4,0,0,199,0,0,1600.69,0.0,0,0,0,110
12/27/17,BA1657,100,1,2,4,0,0,200,0,0,1600.96,0.0,0,0,0,110
12/27/17,BA1657,100,1,2,4,0,0,201,0,0,1602.06,0.0,0,0,0,110
12/27/17,BA1657,100,1,2,4,0,0,202,0,0,1602.61,0.0,0,0,0,110
12/27/17,BA1657,100,1,2,4,0,0,203,0,0,1602.78,0.0,0,0,0,110
12/27/17,BA1657,100,1,2,4,0,0,204,0,0,1602.95,0.0,0,0,0,110
12/27/17,BA1657,100,1,2,4,0,0,205,0,0,1603.13,0.0,0,0,0,110
12/27/17,BA1657,100,1,2,4,0,0,206,0,0,1603.33,0.0,0,0,0,110
12/27/17,BA1657,100,1,2,4,0,0,207,0,0,1603.51,0.0,0,0,0,110
12/27/17,BA1657,100,1,2,4,0,0,208,0,0,1603.71,0.0,0,0,0,110
12/27/17,BA1657,100,1,2,4,0,0,209,0,0,1603.86,0.0,0,0,0,110
12/27/17,BA1657,100,1,2,4,0,0,210,0,0,1604.21,0.0,0,0,0,110
12/27/17,BA1657,100,1,2,4,0,0,211,0,0,1604.4,0.0,0,0,0,110
12/27/17,BA1657,100,1,2,4,0,0,212,0,0,1605.84,0.0,0,0,0,110
12/27/17,BA1657,100,1,2,4,0,0,213,0,0,1606.11,0.0,0,0,0,110
12/27/17,BA1657,100,1,2,4,0,0,214,0,0,1606.54,0.0,0,0,0,110
12/27/17,BA1657,100,1,2,4,0,0,215,0,0,1607.19,0.0,0,0,0,110
12/27/17,BA1657,100,1,2,4,0,0,216,0,0,1607.27,0.0,0,0,0,110
12/27/17,BA1657,100,1,2,4,0,0,217,0,0,1607.34,0.0,0,0,0,110
12/27/17,BA1657,100,1,2,4,0,0,218,0,0,1607.4,0.0,0,0,0,110
12/27/17,BA1657,100,1,2,4,0,0,219,0,0,1607.48,0.0,0,0,0,110
12/27/17,BA1657,100,1,2,4,0,0,220,0,0,1607.53,0.0,0,0,0,110
12/27/17,BA1657,100,1,2,4,0,0,221,0,0,1607.61,0.0,0,0,0,110
12/27/17,BA1657,100,1,2,4,0,0,222,0,0,1607.7,0.0,0,0,0,110
12/27/17,BA1657,100,1,2,4,0,0,223,0,0,1607.97,0.0,0,0,0,110
12/27/17,BA1657,100,1,2,4,0,0,224,0,0,1608.07,0.0,0,0,0,110
12/27/17,BA1657,100,1,2,4,0,0,225,0,0,1608.23,0.0,0,0,0,110
12/27/17,BA1657,100,1,2,4,0,0,226,0,0,1608.36,0.0,0,0,0,110
12/27/17,BA1657,100,1,2,4,0,0,227,0,0,1608.46,0.0,0,0,0,110
12/27/17,BA1657,100,1,2,4,0,0,228,0,0,1610.37,0.0,0,0,0,110
12/27/17,BA1657,100,1,2,4,0,0,229,0,0,1610.91,0.0,0,0,0,110
12/27/17,BA1657,100,1,2,4,0,0,230,0,0,1611.08,0.0,0,0,0,110
12/27/17,BA1657,100,1,2,4,0,0,231,0,0,1611.27,0.0,0,0,0,110
12/27/17,BA1657,100,1,2,4,0,0,232,0,0,1611.5,0.0,0,0,0,110
12/27/17,BA1657,100,1,2,4,0,0,233,0,0,1611.66,0.0,0,0,0,110
12/27/17,BA1657,100,1,2,4,0,0,234,0,0,1611.75,0.0,0,0,0,110
12/27/17,BA1657,100,1,2,4,0,0,235,0,0,1611.81,0.0,0,0,0,110
12/27/17,BA1657,100,1,2,4,0,0,236,0,0,1612.05,0.0,0,0,0,110
12/27/17,BA1657,100,1,2,4,0,0,237,0,0,1612.16,0.0,0,0,0,110
12/27/17,BA1657,100,1,2,4,0,0,238,0,0,1612.36,0.0,0,0,0,110
12/27/17,BA1657,100,1,2,4,0,0,239,0,0,1612.93,0.0,0,0,0,110
12/27/17,BA1657,100,1,2,4,0,0,240,0,0,1614.59,0.0,0,0,0,110
12/27/17,BA1657,100,1,2,4,0,0,241,0,0,1614.88,0.0,0,0,0,110
12/27/17,BA1657,100,1,2,4,0,0,242,0,0,1615.06,0.0,0,0,0,110
12/27/17,BA1657,100,1,2,4,0,0,243,0,0,1615.78,0.0,0,0,0,110
12/27/17,BA1657,100,1,2,4,0,0,244,0,0,1615.86,0.0,0,0,0,110
12/27/17,BA1657,100,1,2,4,0,0,245,0,0,1615.92,0.0,0,0,0,110
12/27/17,BA1657,100,1,2,4,0,0,246,0,0,1616.01,0.0,0,0,0,110
12/27/17,BA1657,100,1,2,4,0,0,247,0,0,1616.1,0.0,0,0,0,110
12/27/17,BA1657,100,1,2,4,0,0,248,0,0,1616.17,0.0,0,0,0,110
12/27/17,BA1657,100,1,2,4,0,0,249,0,0,1616.4,0.0,0,0,0,110
12/27/17,BA1657,100,1,2,4,0,0,250,0,0,1616.66,0.0,0,0,0,110
12/27/17,BA1657,100,1,2,4,0,0,251,0,0,1616.78,0.0,0,0,0,110
12/27/17,BA1657,100,1,2,4,0,0,252,0,0,1617.03,0.0,0,0,0,110
12/27/17,BA1657,100,1,2,4,0,0,253,0,0,1617.19,0.0,0,0,0,110
12/27/17,BA1657,100,1,2,4,0,0,254,0,0,1619.06,0.0,0,0,0,110
12/27/17,BA1657,100,1,2,4,0,0,255,0,0,1619.37,0.0,0,0,0,110
12/27/17,BA1657,100,1,2,4,0,0,256,0,0,1620.57,0.0,0,0,0,110
12/27/17,BA1657,100,1,2,4,0,0,257,0,0,1620.71,0.0,0,0,0,110
12/27/17,BA1657,100,1,2,4,0,0,258,0,0,1620.79,0.0,0,0,0,110
12/27/17,BA1657,100,1,2,4,0,0,259,0,0,1621.0,0.0,0,0,0,110
12/27/17,BA1657,100,1,2,4,0,0,260,0,0,1621.19,0.0,0,0,0,110
12/27/17,BA1657,100,1,2,4,0,0,261,0,0,1621.26,0.0,0,0,0,110
12/27/17,BA1657,100,1,2,4,0,0,262,0,0,1621.36,0.0,0,0,0,110
12/27/17,BA1657,100,1,2,4,0,0,263,0,0,1621.44,0.0,0,0,0,110
12/27/17,BA1657,100,1,2,4,0,0,264,0,0,1621.72,0.0,0,0,0,110
12/27/17,BA1657,100,1,2,4,0,0,265,0,0,1623.0,0.0,0,0,0,110
12/27/17,BA1657,100,1,2,4,0,0,266,0,0,1623.25,0.0,0,0,0,110
12/27/17,BA1657,100,1,2,4,0,0,267,0,0,1623.44,0.0,0,0,0,110
12/27/17,BA1657,100,1,2,4,0,0,268,0,0,1623.61,0.0,0,0,0,110
12/27/17,BA1657,100,1,2,4,0,0,269,0,0,1624.17,0.0,0,0,0,110
12/27/17,BA1657,100,1,2,4,0,0,270,0,0,1624.24,0.0,0,0,0,110
12/27/17,BA1657,100,1,2,4,0,0,271,0,0,1624.31,0.0,0,0,0,110
12/27/17,BA1657,100,1,2,4,0,0,272,0,0,1624.37,0.0,0,0,0,110
12/27/17,BA1657,100,1,2,4,0,0,273,0,0,1624.46,0.0,0,0,0,110
12/27/17,BA1657,100,1,2,4,0,0,274,0,0,1624.54,0.0,0,0,0,110
12/27/17,BA1657,100,1,2,4,0,0,0,0,0,1624.54,0.0,0,0,0,210
12/27/17,BA1657,0,1,2,0,0,0,0,0,0,1626.69,0.0,0,0,0,300
12/27/17,BA1657,125,1,2,5,0,0,0,0,426,1627.0,0.0,0,0,0,100
12/27/17,BA1657,125,1,2,5,0,0,0,0,427,1627.4,0.0,0,0,0,100
12/27/17,BA1657,125,1,2,5,0,0,0,0,428,1627.88,0.0,0,0,0,100
12/27/17,BA1657,125,1,2,5,0,0,0,0,429,1628.11,0.0,0,0,0,100
12/27/17,BA1657,125,1,2,5,0,0,0,0,430,1628.37,0.0,0,0,0,100
12/27/17,BA1657,125,1,2,5,0,0,0,0,431,1628.73,0.0,0,0,0,100
12/27/17,BA1657,125,1,2,5,0,0,0,0,432,1629.34,0.0,0,0,0,100
12/27/17,BA1657,125,1,2,5,0,0,0,0,433,1629.68,0.0,0,0,0,100
12/27/17,BA1657,125,1,2,5,0,0,0,0,434,1629.75,0.0,0,0,0,100
12/27/17,BA1657,125,1,2,5,0,0,0,0,435,1630.03,0.0,0,0,0,100
12/27/17,BA1657,125,1,2,5,0,0,0,0,436,1630.11,0.0,0,0,0,100
12/27/17,BA1657,125,1,2,5,0,0,0,0,437,1630.17,0.0,0,0,0,100
12/27/17,BA1657,125,1,2,5,0,0,0,0,438,1630.26,0.0,0,0,0,100
12/27/17,BA1657,125,1,2,5,0,0,0,0,439,1631.63,0.0,0,0,0,100
12/27/17,BA1657,125,1,2,5,0,0,0,0,440,1632.0,0.0,0,0,0,100
12/27/17,BA1657,125,1,2,5,0,0,0,0,441,1632.55,0.0,0,0,0,100
12/27/17,BA1657,125,1,2,5,0,0,0,0,442,1632.77,0.0,0,0,0,100
12/27/17,BA1657,125,1,2,5,0,0,0,0,443,1632.85,0.0,0,0,0,100
12/27/17,BA1657,125,1,2,5,0,0,0,0,444,1632.91,0.0,0,0,0,100
12/27/17,BA1657,125,1,2,5,0,0,0,0,445,1633.08,0.0,0,0,0,100
12/27/17,BA1657,125,1,2,5,0,0,0,0,446,1633.29,0.0,0,0,0,100
12/27/17,BA1657,125,1,2,5,0,0,0,0,447,1633.58,0.0,0,0,0,100
12/27/17,BA1657,125,1,2,5,0,0,0,0,448,1633.71,0.0,0,0,0,100
12/27/17,BA1657,125,1,2,5,0,0,0,0,449,1633.96,0.0,0,0,0,100
12/27/17,BA1657,125,1,2,5,0,0,0,0,450,1635.48,0.0,0,0,0,100
12/27/17,BA1657,0,1,0,0,-1,-1,0,0,0,1635.48,0.0,0,0,0,200
12/27/17,BA1657,125,1,0,5,0,0,0,0,451,1671.12,35.64,0,0,0,100
12/27/17,BA1657,125,1,2,5,0,0,0,0,452,1672.34,0.0,0,0,0,100
12/27/17,BA1657,125,1,2,5,0,0,0,0,453,1672.62,0.0,0,0,0,100
12/27/17,BA1657,125,1,2,5,0,0,0,0,454,1673.22,0.0,0,0,0,100
12/27/17,BA1657,125,1,2,5,0,0,0,0,455,1673.47,0.0,0,0,0,100
12/27/17,BA1657,125,1,2,5,0,0,0,0,456,1673.74,0.0,0,0,0,100
12/27/17,BA1657,125,1,2,5,0,0,0,0,457,1674.05,0.0,0,0,0,100
12/27/17,BA1657,125,1,2,5,0,0,0,0,458,1674.31,0.0,0,0,0,100
12/27/17,BA1657,125,1,2,5,0,0,0,0,459,1674.56,0.0,0,0,0,100
12/27/17,BA1657,125,1,2,5,0,0,0,0,460,1674.84,0.0,0,0,0,100
12/27/17,BA1657,125,1,2,5,0,0,0,0,461,1676.21,0.0,0,0,0,100
12/27/17,BA1657,125,1,2,5,0,0,0,0,462,1676.65,0.0,0,0,0,100
12/27/17,BA1657,125,1,2,5,0,0,0,0,463,1676.91,0.0,0,0,0,100
12/27/17,BA1657,125,1,2,5,0,0,0,0,464,1677.18,0.0,0,0,0,100
12/27/17,BA1657,125,1,2,5,0,0,0,0,465,1677.44,0.0,0,0,0,100
12/27/17,BA1657,125,1,2,5,0,0,0,0,466,1677.75,0.0,0,0,0,100
12/27/17,BA1657,125,1,2,5,0,0,0,0,467,1677.86,0.0,0,0,0,100
12/27/17,BA1657,125,1,2,5,0,0,0,0,468,1677.96,0.0,0,0,0,100
12/27/17,BA1657,125,1,2,5,0,0,0,0,469,1678.31,0.0,0,0,0,100
12/27/17,BA1657,125,1,2,5,0,0,0,0,470,1679.8,0.0,0,0,0,100
12/27/17,BA1657,125,1,2,5,0,0,0,0,471,1680.4,0.0,0,0,0,100
12/27/17,BA1657,125,1,2,5,0,0,0,0,472,1680.63,0.0,0,0,0,100
12/27/17,BA1657,125,1,2,5,0,0,0,0,473,1680.87,0.0,0,0,0,100
12/27/17,BA1657,125,1,2,5,0,0,0,0,474,1681.23,0.0,0,0,0,100
12/27/17,BA1657,125,1,2,5,0,0,0,0,475,1681.4,0.0,0,0,0,100
12/27/17,BA1657,0,1,0,0,-1,-1,0,0,0,1681.4,0.0,0,0,0,200
12/27/17,BA1657,125,1,0,5,0,0,0,0,476,1706.34,24.94,0,0,0,100
12/27/17,BA1657,125,1,2,5,0,0,0,0,477,1708.93,0.0,0,0,0,100
12/27/17,BA1657,125,1,2,5,0,0,0,0,478,1709.15,0.0,0,0,0,100
12/27/17,BA1657,125,1,2,5,0,0,0,0,479,1709.89,0.0,0,0,0,100
12/27/17,BA1657,125,1,2,5,0,0,0,0,480,1710.08,0.0,0,0,0,100
12/27/17,BA1657,125,1,2,5,0,0,0,0,481,1710.25,0.0,0,0,0,100
12/27/17,BA1657,125,1,2,5,0,0,0,0,482,1710.73,0.0,0,0,0,100
12/27/17,BA1657,125,1,2,5,0,0,0,0,483,1712.51,0.0,0,0,0,100
12/27/17,BA1657,125,1,2,5,0,0,0,0,484,1712.86,0.0,0,0,0,100
12/27/17,BA1657,125,1,2,5,0,0,0,0,485,1713.36,0.0,0,0,0,100
12/27/17,BA1657,125,1,2,5,0,0,0,0,486,1713.64,0.0,0,0,0,100
12/27/17,BA1657,125,1,2,5,0,0,0,0,487,1714.02,0.0,0,0,0,100
12/27/17,BA1657,125,1,2,5,0,0,0,0,488,1714.29,0.0,0,0,0,100
12/27/17,BA1657,125,1,2,5,0,0,0,0,489,1716.08,0.0,0,0,0,100
12/27/17,BA1657,125,1,2,5,0,0,0,0,490,1716.55,0.0,0,0,0,100
12/27/17,BA1657,125,1,2,5,0,0,0,0,491,1716.77,0.0,0,0,0,100
12/27/17,BA1657,125,1,2,5,0,0,0,0,492,1717.03,0.0,0,0,0,100
12/27/17,BA1657,125,1,2,5,0,0,0,0,493,1717.34,0.0,0,0,0,100
12/27/17,BA1657,125,1,2,5,0,0,0,0,494,1718.26,0.0,0,0,0,100
12/27/17,BA1657,125,1,2,5,0,0,0,0,495,1718.57,0.0,0,0,0,100
12/27/17,BA1657,125,1,2,5,0,0,0,0,496,1719.97,0.0,0,0,0,100
12/27/17,BA1657,125,1,2,5,0,0,0,0,497,1720.46,0.0,0,0,0,100
12/27/17,BA1657,125,1,2,5,0,0,0,0,498,1720.99,0.0,0,0,0,100
12/27/17,BA1657,125,1,2,5,0,0,0,0,499,1721.24,0.0,0,0,0,100
12/27/17,BA1657,125,1,2,5,0,0,0,0,500,1721.37,0.0,0,0,0,100
12/27/17,BA1657,0,1,0,0,-1,-1,0,0,0,1721.37,0.0,0,0,0,200
12/27/17,BA1657,125,1,0,5,0,0,0,0,501,1759.03,37.66,0,0,0,100
12/27/17,BA1657,125,1,2,5,0,0,0,0,502,1760.88,0.0,0,0,0,100
12/27/17,BA1657,125,1,2,5,0,0,0,0,503,1761.53,0.0,0,0,0,100
12/27/17,BA1657,125,1,2,5,0,0,0,0,504,1763.01,0.0,0,0,0,100
12/27/17,BA1657,125,1,2,5,0,0,0,0,505,1763.36,0.0,0,0,0,100
12/27/17,BA1657,125,1,2,5,0,0,0,0,506,1763.63,0.0,0,0,0,100
12/27/17,BA1657,125,1,2,5,0,0,0,0,507,1763.94,0.0,0,0,0,100
12/27/17,BA1657,125,1,2,5,0,0,0,0,508,1764.23,0.0,0,0,0,100
12/27/17,BA1657,125,1,2,5,0,0,0,0,509,1764.54,0.0,0,0,0,100
12/27/17,BA1657,125,1,2,5,0,0,0,0,510,1766.06,0.0,0,0,0,100
12/27/17,BA1657,125,1,2,5,0,0,0,0,511,1766.48,0.0,0,0,0,100
12/27/17,BA1657,125,1,2,5,0,0,0,0,512,1766.77,0.0,0,0,0,100
12/27/17,BA1657,125,1,2,5,0,0,0,0,513,1767.03,0.0,0,0,0,100
12/27/17,BA1657,125,1,2,5,0,0,0,0,514,1767.51,0.0,0,0,0,100
12/27/17,BA1657,125,1,2,5,0,0,0,0,515,1767.87,0.0,0,0,0,100
12/27/17,BA1657,125,1,2,5,0,0,0,0,516,1769.13,0.0,0,0,0,100
12/27/17,BA1657,125,1,2,5,0,0,0,0,517,1769.51,0.0,0,0,0,100
12/27/17,BA1657,125,1,2,5,0,0,0,0,518,1769.8,0.0,0,0,0,100
12/27/17,BA1657,125,1,2,5,0,0,0,0,519,1770.26,0.0,0,0,0,100
12/27/17,BA1657,125,1,2,5,0,0,0,0,520,1770.37,0.0,0,0,0,100
12/27/17,BA1657,125,1,2,5,0,0,0,0,521,1770.55,0.0,0,0,0,100
12/27/17,BA1657,125,1,2,5,0,0,0,0,522,1770.72,0.0,0,0,0,100
12/27/17,BA1657,125,1,2,5,0,0,0,0,523,1770.92,0.0,0,0,0,100
12/27/17,BA1657,125,1,2,5,0,0,0,0,524,1771.09,0.0,0,0,0,100
12/27/17,BA1657,125,1,2,5,0,0,0,0,525,1772.61,0.0,0,0,0,100
12/27/17,BA1657,0,1,0,0,-1,-1,0,0,0,1772.61,0.0,0,0,0,200
12/27/17,BA1657,125,1,0,5,0,0,0,0,526,1785.47,12.86,0,0,0,100
12/27/17,BA1657,125,1,2,5,0,0,0,0,527,1786.49,0.0,0,0,0,100
12/27/17,BA1657,125,1,2,5,0,0,0,0,528,1786.9,0.0,0,0,0,100
12/27/17,BA1657,125,1,2,5,0,0,0,0,529,1787.11,0.0,0,0,0,100
12/27/17,BA1657,125,1,2,5,0,0,0,0,530,1787.44,0.0,0,0,0,100
12/27/17,BA1657,125,1,2,5,0,0,0,0,531,1787.55,0.0,0,0,0,100
12/27/17,BA1657,125,1,2,5,0,0,0,0,532,1787.93,0.0,0,0,0,100
12/27/17,BA1657,125,1,2,5,0,0,0,0,533,1788.12,0.0,0,0,0,100
12/27/17,BA1657,125,1,2,5,0,0,0,0,534,1790.09,0.0,0,0,0,100
12/27/17,BA1657,125,1,2,5,0,0,0,0,535,1790.45,0.0,0,0,0,100
12/27/17,BA1657,125,1,2,5,0,0,0,0,536,1790.6,0.0,0,0,0,100
12/27/17,BA1657,125,1,2,5,0,0,0,0,537,1790.9,0.0,0,0,0,100
12/27/17,BA1657,125,1,2,5,0,0,0,0,538,1791.27,0.0,0,0,0,100
12/27/17,BA1657,125,1,2,5,0,0,0,0,539,1791.45,0.0,0,0,0,100
12/27/17,BA1657,125,1,2,5,0,0,0,0,540,1791.61,0.0,0,0,0,100
12/27/17,BA1657,125,1,2,5,0,0,0,0,541,1791.97,0.0,0,0,0,100
12/27/17,BA1657,125,1,2,5,0,0,0,0,542,1793.39,0.0,0,0,0,100
12/27/17,BA1657,125,1,2,5,0,0,0,0,543,1793.68,0.0,0,0,0,100
12/27/17,BA1657,125,1,2,5,0,0,0,0,544,1794.3,0.0,0,0,0,100
12/27/17,BA1657,125,1,2,5,0,0,0,0,545,1794.47,0.0,0,0,0,100
12/27/17,BA1657,125,1,2,5,0,0,0,0,546,1794.54,0.0,0,0,0,100
12/27/17,BA1657,125,1,2,5,0,0,0,0,547,1794.64,0.0,0,0,0,100
12/27/17,BA1657,125,1,2,5,0,0,0,0,548,1794.72,0.0,0,0,0,100
12/27/17,BA1657,125,1,2,5,0,0,0,0,549,1794.86,0.0,0,0,0,100
12/27/17,BA1657,125,1,2,5,0,0,0,0,550,1796.52,0.0,0,0,0,100
12/27/17,BA1657,0,1,0,0,-1,-1,0,0,0,1796.52,0.0,0,0,0,200
12/27/17,BA1657,125,1,0,5,0,0,0,0,551,1811.82,15.3,0,0,0,100
12/27/17,BA1657,125,1,2,5,0,0,0,0,552,1812.55,0.0,0,0,0,100
12/27/17,BA1657,125,1,2,5,0,0,0,0,553,1813.0,0.0,0,0,0,100
12/27/17,BA1657,125,1,2,5,0,0,0,0,554,1813.22,0.0,0,0,0,100
12/27/17,BA1657,125,1,2,5,0,0,0,0,555,1813.51,0.0,0,0,0,100
12/27/17,BA1657,125,1,2,5,0,0,0,0,556,1814.0,0.0,0,0,0,100
12/27/17,BA1657,125,1,2,5,0,0,0,0,557,1814.42,0.0,0,0,0,100
12/27/17,BA1657,125,1,2,5,0,0,0,0,558,1814.91,0.0,0,0,0,100
12/27/17,BA1657,125,1,2,5,0,0,0,0,559,1816.23,0.0,0,0,0,100
12/27/17,BA1657,125,1,2,5,0,0,0,0,560,1817.48,0.0,0,0,0,100
12/27/17,BA1657,125,1,2,5,0,0,0,0,561,1817.66,0.0,0,0,0,100
12/27/17,BA1657,125,1,2,5,0,0,0,0,562,1818.16,0.0,0,0,0,100
12/27/17,BA1657,125,1,2,5,0,0,0,0,563,1818.76,0.0,0,0,0,100
12/27/17,BA1657,125,1,2,5,0,0,0,0,564,1820.0,0.0,0,0,0,100
12/27/17,BA1657,125,1,2,5,0,0,0,0,565,1820.39,0.0,0,0,0,100
12/27/17,BA1657,125,1,2,5,0,0,0,0,566,1820.65,0.0,0,0,0,100
12/27/17,BA1657,125,1,2,5,0,0,0,0,567,1820.93,0.0,0,0,0,100
12/27/17,BA1657,125,1,2,5,0,0,0,0,568,1821.27,0.0,0,0,0,100
12/27/17,BA1657,125,1,2,5,0,0,0,0,569,1821.47,0.0,0,0,0,100
12/27/17,BA1657,125,1,2,5,0,0,0,0,570,1821.62,0.0,0,0,0,100
12/27/17,BA1657,125,1,2,5,0,0,0,0,571,1821.81,0.0,0,0,0,100
12/27/17,BA1657,125,1,2,5,0,0,0,0,572,1823.57,0.0,0,0,0,100
12/27/17,BA1657,125,1,2,5,0,0,0,0,573,1823.74,0.0,0,0,0,100
12/27/17,BA1657,125,1,2,5,0,0,0,0,574,1823.86,0.0,0,0,0,100
12/27/17,BA1657,125,1,2,5,0,0,0,0,575,1824.23,0.0,0,0,0,100
12/27/17,BA1657,0,1,0,0,-1,-1,0,0,0,1824.23,0.0,0,0,0,200
12/27/17,BA1657,125,1,0,5,0,0,0,0,576,1838.31,14.08,0,0,0,100
12/27/17,BA1657,125,1,2,5,0,0,0,0,577,1838.89,0.0,0,0,0,100
12/27/17,BA1657,125,1,2,5,0,0,0,0,578,1839.95,0.0,0,0,0,100
12/27/17,BA1657,125,1,2,5,0,0,0,0,579,1840.38,0.0,0,0,0,100
12/27/17,BA1657,125,1,2,5,0,0,0,0,580,1840.64,0.0,0,0,0,100
12/27/17,BA1657,125,1,2,5,0,0,0,0,581,1840.85,0.0,0,0,0,100
12/27/17,BA1657,125,1,2,5,0,0,0,0,582,1841.08,0.0,0,0,0,100
12/27/17,BA1657,125,1,2,5,0,0,0,0,583,1841.39,0.0,0,0,0,100
12/27/17,BA1657,125,1,2,5,0,0,0,0,584,1843.24,0.0,0,0,0,100
12/27/17,BA1657,125,1,2,5,0,0,0,0,585,1843.49,0.0,0,0,0,100
12/27/17,BA1657,125,1,2,5,0,0,0,0,586,1843.73,0.0,0,0,0,100
12/27/17,BA1657,125,1,2,5,0,0,0,0,587,1844.0,0.0,0,0,0,100
12/27/17,BA1657,125,1,2,5,0,0,0,0,588,1844.28,0.0,0,0,0,100
12/27/17,BA1657,125,1,2,5,0,0,0,0,589,1844.69,0.0,0,0,0,100
12/27/17,BA1657,125,1,2,5,0,0,0,0,590,1846.43,0.0,0,0,0,100
12/27/17,BA1657,125,1,2,5,0,0,0,0,591,1846.57,0.0,0,0,0,100
12/27/17,BA1657,125,1,2,5,0,0,0,0,592,1846.98,0.0,0,0,0,100
12/27/17,BA1657,125,1,2,5,0,0,0,0,593,1847.18,0.0,0,0,0,100
12/27/17,BA1657,125,1,2,5,0,0,0,0,594,1847.26,0.0,0,0,0,100
12/27/17,BA1657,125,1,2,5,0,0,0,0,595,1847.64,0.0,0,0,0,100
12/27/17,BA1657,125,1,2,5,0,0,0,0,596,1847.85,0.0,0,0,0,100
12/27/17,BA1657,125,1,2,5,0,0,0,0,597,1847.94,0.0,0,0,0,100
12/27/17,BA1657,125,1,2,5,0,0,0,0,598,1848.04,0.0,0,0,0,100
12/27/17,BA1657,125,1,2,5,0,0,0,0,599,1848.15,0.0,0,0,0,100
12/27/17,BA1657,125,1,2,5,0,0,0,0,600,1848.33,0.0,0,0,0,100
12/27/17,BA1657,0,1,0,0,-1,-1,0,0,0,1848.33,0.0,0,0,0,200
12/27/17,BA1657,125,1,0,5,0,0,0,0,601,1864.58,16.25,0,0,0,100
12/27/17,BA1657,125,1,2,5,0,0,0,0,602,1864.79,0.0,0,0,0,100
12/27/17,BA1657,125,1,2,5,0,0,0,0,603,1865.32,0.0,0,0,0,100
12/27/17,BA1657,125,1,2,5,0,0,0,0,604,1865.91,0.0,0,0,0,100
12/27/17,BA1657,125,1,2,5,0,0,0,0,605,1866.31,0.0,0,0,0,100
12/27/17,BA1657,125,1,2,5,0,0,0,0,606,1866.55,0.0,0,0,0,100
12/27/17,BA1657,125,1,2,5,0,0,0,0,607,1866.95,0.0,0,0,0,100
12/27/17,BA1657,125,1,2,5,0,0,0,0,608,1867.35,0.0,0,0,0,100
12/27/17,BA1657,125,1,2,5,0,0,0,0,609,1867.7,0.0,0,0,0,100
12/27/17,BA1657,125,1,2,5,0,0,0,0,610,1869.12,0.0,0,0,0,100
12/27/17,BA1657,125,1,2,5,0,0,0,0,611,1869.59,0.0,0,0,0,100
12/27/17,BA1657,125,1,2,5,0,0,0,0,612,1869.8,0.0,0,0,0,100
12/27/17,BA1657,125,1,2,5,0,0,0,0,613,1870.18,0.0,0,0,0,100
12/27/17,BA1657,125,1,2,5,0,0,0,0,614,1870.41,0.0,0,0,0,100
12/27/17,BA1657,125,1,2,5,0,0,0,0,615,1870.74,0.0,0,0,0,100
12/27/17,BA1657,125,1,2,5,0,0,0,0,616,1870.98,0.0,0,0,0,100
12/27/17,BA1657,125,1,2,5,0,0,0,0,617,1871.36,0.0,0,0,0,100
12/27/17,BA1657,125,1,2,5,0,0,0,0,618,1872.71,0.0,0,0,0,100
12/27/17,BA1657,125,1,2,5,0,0,0,0,619,1873.1,0.0,0,0,0,100
12/27/17,BA1657,125,1,2,5,0,0,0,0,620,1873.36,0.0,0,0,0,100
12/27/17,BA1657,125,1,2,5,0,0,0,0,621,1873.49,0.0,0,0,0,100
12/27/17,BA1657,125,1,2,5,0,0,0,0,622,1873.72,0.0,0,0,0,100
12/27/17,BA1657,125,1,2,5,0,0,0,0,623,1874.17,0.0,0,0,0,100
12/27/17,BA1657,125,1,2,5,0,0,0,0,624,1875.83,0.0,0,0,0,100
12/27/17,BA1657,125,1,2,5,0,0,0,0,625,1876.09,0.0,0,0,0,100
12/27/17,BA1657,0,1,0,0,-1,-1,0,0,0,1876.09,0.0,0,0,0,200
12/27/17,BA1657,125,1,0,5,0,0,0,0,626,1890.49,14.4,0,0,0,100
12/27/17,BA1657,125,1,2,5,0,0,0,0,627,1890.76,0.0,0,0,0,100
12/27/17,BA1657,125,1,2,5,0,0,0,0,628,1891.6,0.0,0,0,0,100
12/27/17,BA1657,125,1,2,5,0,0,0,0,629,1891.91,0.0,0,0,0,100
12/27/17,BA1657,125,1,2,5,0,0,0,0,630,1892.15,0.0,0,0,0,100
12/27/17,BA1657,125,1,2,5,0,0,0,0,631,1892.37,0.0,0,0,0,100
12/27/17,BA1657,125,1,2,5,0,0,0,0,632,1892.65,0.0,0,0,0,100
12/27/17,BA1657,125,1,2,5,0,0,0,0,633,1892.81,0.0,0,0,0,100
12/27/17,BA1657,125,1,2,5,0,0,0,0,634,1892.9,0.0,0,0,0,100
12/27/17,BA1657,125,1,2,5,0,0,0,0,635,1893.37,0.0,0,0,0,100
12/27/17,BA1657,125,1,2,5,0,0,0,0,636,1894.76,0.0,0,0,0,100
12/27/17,BA1657,125,1,2,5,0,0,0,0,637,1895.24,0.0,0,0,0,100
12/27/17,BA1657,125,1,2,5,0,0,0,0,638,1895.49,0.0,0,0,0,100
12/27/17,BA1657,125,1,2,5,0,0,0,0,639,1895.83,0.0,0,0,0,100
12/27/17,BA1657,125,1,2,5,0,0,0,0,640,1896.1,0.0,0,0,0,100
12/27/17,BA1657,125,1,2,5,0,0,0,0,641,1896.55,0.0,0,0,0,100
12/27/17,BA1657,125,1,2,5,0,0,0,0,642,1896.75,0.0,0,0,0,100
12/27/17,BA1657,125,1,2,5,0,0,0,0,643,1898.23,0.0,0,0,0,100
12/27/17,BA1657,125,1,2,5,0,0,0,0,644,1898.5,0.0,0,0,0,100
12/27/17,BA1657,125,1,2,5,0,0,0,0,645,1898.99,0.0,0,0,0,100
12/27/17,BA1657,125,1,2,5,0,0,0,0,646,1899.09,0.0,0,0,0,100
12/27/17,BA1657,125,1,2,5,0,0,0,0,647,1899.34,0.0,0,0,0,100
12/27/17,BA1657,125,1,2,5,0,0,0,0,648,1899.4,0.0,0,0,0,100
12/27/17,BA1657,125,1,2,5,0,0,0,0,649,1899.47,0.0,0,0,0,100
12/27/17,BA1657,125,1,2,5,0,0,0,0,650,1899.54,0.0,0,0,0,100
12/27/17,BA1657,0,1,0,0,-1,-1,0,0,0,1899.54,0.0,0,0,0,200
12/27/17,BA1657,125,1,0,5,0,0,0,0,651,1917.8,18.26,0,0,0,100
12/27/17,BA1657,125,1,2,5,0,0,0,0,652,1919.04,0.0,0,0,0,100
12/27/17,BA1657,125,1,2,5,0,0,0,0,653,1919.34,0.0,0,0,0,100
12/27/17,BA1657,125,1,2,5,0,0,0,0,654,1919.5,0.0,0,0,0,100
12/27/17,BA1657,125,1,2,5,0,0,0,0,655,1919.6,0.0,0,0,0,100
12/27/17,BA1657,125,1,2,5,0,0,0,0,656,1920.14,0.0,0,0,0,100
12/27/17,BA1657,125,1,2,5,0,0,0,0,657,1920.31,0.0,0,0,0,100
12/27/17,BA1657,125,1,2,5,0,0,0,0,658,1920.45,0.0,0,0,0,100
12/27/17,BA1657,125,1,2,5,0,0,0,0,659,1921.98,0.0,0,0,0,100
12/27/17,BA1657,125,1,2,5,0,0,0,0,660,1922.37,0.0,0,0,0,100
12/27/17,BA1657,125,1,2,5,0,0,0,0,661,1923.25,0.0,0,0,0,100
12/27/17,BA1657,125,1,2,5,0,0,0,0,662,1923.44,0.0,0,0,0,100
12/27/17,BA1657,125,1,2,5,0,0,0,0,663,1923.62,0.0,0,0,0,100
12/27/17,BA1657,125,1,2,5,0,0,0,0,664,1923.96,0.0,0,0,0,100
12/27/17,BA1657,125,1,2,5,0,0,0,0,665,1925.14,0.0,0,0,0,100
12/27/17,BA1657,125,1,2,5,0,0,0,0,666,1925.61,0.0,0,0,0,100
12/27/17,BA1657,125,1,2,5,0,0,0,0,667,1925.92,0.0,0,0,0,100
12/27/17,BA1657,125,1,2,5,0,0,0,0,668,1926.0,0.0,0,0,0,100
12/27/17,BA1657,125,1,2,5,0,0,0,0,669,1926.09,0.0,0,0,0,100
12/27/17,BA1657,125,1,2,5,0,0,0,0,670,1926.15,0.0,0,0,0,100
12/27/17,BA1657,125,1,2,5,0,0,0,0,671,1926.24,0.0,0,0,0,100
12/27/17,BA1657,125,1,2,5,0,0,0,0,672,1926.31,0.0,0,0,0,100
12/27/17,BA1657,125,1,2,5,0,0,0,0,673,1926.37,0.0,0,0,0,100
12/27/17,BA1657,125,1,2,5,0,0,0,0,674,1926.52,0.0,0,0,0,100
12/27/17,BA1657,125,1,2,5,0,0,0,0,675,1926.64,0.0,0,0,0,100
12/27/17,BA1657,0,1,0,0,-1,-1,0,0,0,1926.64,0.0,0,0,0,200
12/27/17,BA1657,125,1,0,5,0,0,0,0,0,1926.79,0.15,0,0,0,310
