ycol,frmain,frr25,frr100,pellets25,pellets100,toi25,toi100,tor25,tor100
1,0.0,0.0,,,,,,,
2,23.29,23.29,,,,,,,
3,24.79,24.79,,,,,,,
4,25.14,25.14,,,,,,,
5,28.21,28.21,,,,,,,
6,28.46,28.46,,,,,,,
7,28.94,28.94,,,,,,,
8,29.42,29.42,,,,,,,
9,29.78,29.78,,,,,,,
10,30.56,30.56,,,,,,,
11,32.18,32.18,,,,,,,
12,32.57,32.57,,,,,,,
13,34.7,34.7,,,,,,,
14,36.16,36.16,,,,,,,
15,37.01,37.01,,,,,,,
16,37.77,37.77,,,,,,,
17,39.08,39.08,,,,,,,
18,40.21,40.21,,,,,,,
19,41.22,41.22,,,,,,,
20,41.6,41.6,,,,,,,
21,42.09,42.09,,,,,,,
22,42.61,42.61,,,,,,,
23,44.04,44.04,,,,,,,
24,45.0,45.0,,,,,,,
25,45.53,45.53,,,,,,,
26,45.69,45.69,,,,,,,
27,45.69,,,45.69,,,,,
28,56.62,56.62,,,,,,,
29,56.99,56.99,,,,,,,
30,57.29,57.29,,,,,,,
31,57.53,57.53,,,,,,,
32,58.62,58.62,,,,,,,
33,62.04,62.04,,,,,,,
34,62.24,62.24,,,,,,,
35,63.01,63.01,,,,,,,
36,63.72,63.72,,,,,,,
37,64.17,64.17,,,,,,,
38,64.61,64.61,,,,,,,
39,65.13,65.13,,,,,,,
40,66.64,66.64,,,,,,,
41,67.08,67.08,,,,,,,
42,67.58,67.58,,,,,,,
43,68.74,68.74,,,,,,,
44,69.51,69.51,,,,,,,
45,69.93,69.93,,,,,,,
46,70.34,70.34,,,,,,,
47,72.27,72.27,,,,,,,
48,73.15,73.15,,,,,,,
49,73.65,73.65,,,,,,,
50,75.05,75.05,,,,,,,
51,76.08,76.08,,,,,,,
52,76.54,76.54,,,,,,,
53,76.54,,,76.54,,,,,
54,84.48,84.48,,,,,,,
55,84.88,84.88,,,,,,,
56,85.13,85.13,,,,,,,
57,85.54,85.54,,,,,,,
58,86.04,86.04,,,,,,,
59,86.47,86.47,,,,,,,
60,87.18,87.18,,,,,,,
61,87.41,87.41,,,,,,,
62,88.76,88.76,,,,,,,
63,90.33,90.33,,,,,,,
64,90.67,90.67,,,,,,,
65,90.88,90.88,,,,,,,
66,91.62,91.62,,,,,,,
67,92.16,92.16,,,,,,,
68,92.63,92.63,,,,,,,
69,93.41,93.41,,,,,,,
70,94.37,94.37,,,,,,,
71,94.72,94.72,,,,,,,
72,94.97,94.97,,,,,,,
73,95.33,95.33,,,,,,,
74,95.92,95.92,,,,,,,
75,96.67,96.67,,,,,,,
76,98.16,98.16,,,,,,,
77,99.32,99.32,,,,,,,
78,99.71,99.71,,,,,,,
79,99.71,,,99.71,,,,,
80,105.53,105.53,,,,,,,
81,105.94,105.94,,,,,,,
82,106.3,106.3,,,,,,,
83,106.62,106.62,,,,,,,
84,107.03,107.03,,,,,,,
85,108.12,108.12,,,,,,,
86,109.73,109.73,,,,,,,
87,109.98,109.98,,,,,,,
88,110.27,110.27,,,,,,,
89,110.55,110.55,,,,,,,
90,111.05,111.05,,,,,,,
91,112.46,112.46,,,,,,,
92,113.43,113.43,,,,,,,
93,113.71,113.71,,,,,,,
94,114.12,114.12,,,,,,,
95,114.51,114.51,,,,,,,
96,115.22,115.22,,,,,,,
97,116.28,116.28,,,,,,,
98,116.93,116.93,,,,,,,
99,117.17,117.17,,,,,,,
100,117.44,117.44,,,,,,,
101,117.86,117.86,,,,,,,
102,118.27,118.27,,,,,,,
103,118.53,118.53,,,,,,,
104,118.99,118.99,,,,,,,
105,118.99,,,118.99,,,,,
106,126.5,126.5,,,,,,,
107,126.81,126.81,,,,,,,
108,128.05,128.05,,,,,,,
109,129.17,129.17,,,,,,,
110,129.34,129.34,,,,,,,
111,130.17,130.17,,,,,,,
112,132.15,132.15,,,,,,,
113,132.5,132.5,,,,,,,
114,132.74,132.74,,,,,,,
115,133.16,133.16,,,,,,,
116,133.6,133.6,,,,,,,
117,133.99,133.99,,,,,,,
118,134.85,134.85,,,,,,,
119,135.49,135.49,,,,,,,
120,135.76,135.76,,,,,,,
121,136.3,136.3,,,,,,,
122,137.49,137.49,,,,,,,
123,138.16,138.16,,,,,,,
124,138.5,138.5,,,,,,,
125,139.01,139.01,,,,,,,
126,139.64,139.64,,,,,,,
127,140.16,140.16,,,,,,,
128,142.16,142.16,,,,,,,
129,143.8,143.8,,,,,,,
130,144.18,144.18,,,,,,,
131,144.18,,,144.18,,,,,
132,153.31,153.31,,,,,,,
133,153.69,153.69,,,,,,,
134,154.32,154.32,,,,,,,
135,155.79,155.79,,,,,,,
136,156.08,156.08,,,,,,,
137,158.01,158.01,,,,,,,
138,158.9,158.9,,,,,,,
139,159.6,159.6,,,,,,,
140,159.8,159.8,,,,,,,
141,160.17,160.17,,,,,,,
142,160.8,160.8,,,,,,,
143,161.3,161.3,,,,,,,
144,161.76,161.76,,,,,,,
145,162.2,162.2,,,,,,,
146,162.54,162.54,,,,,,,
147,163.59,163.59,,,,,,,
148,163.84,163.84,,,,,,,
149,165.95,165.95,,,,,,,
150,166.22,166.22,,,,,,,
151,166.52,166.52,,,,,,,
152,166.83,166.83,,,,,,,
153,167.16,167.16,,,,,,,
154,168.4,168.4,,,,,,,
155,169.08,169.08,,,,,,,
156,169.38,169.38,,,,,,,
157,169.38,,,169.38,,,,,
158,178.18,178.18,,,,,,,
159,178.55,178.55,,,,,,,
160,178.97,178.97,,,,,,,
161,179.49,179.49,,,,,,,
162,180.09,,180.09,,,,,,
163,181.09,,181.09,,,,,,
164,181.62,,181.62,,,,,,
165,182.06,,182.06,,,,,,
166,183.16,,183.16,,,,,,
167,183.38,,183.38,,,,,,
168,183.93,,183.93,,,,,,
169,184.43,,184.43,,,,,,
170,185.08,,185.08,,,,,,
171,185.55,,185.55,,,,,,
172,185.88,,185.88,,,,,,
173,186.12,,186.12,,,,,,
174,189.83,,189.83,,,,,,
175,190.06,,190.06,,,,,,
176,190.26,,190.26,,,,,,
177,190.78,,190.78,,,,,,
178,192.03,,192.03,,,,,,
179,192.21,,192.21,,,,,,
180,192.56,,192.56,,,,,,
181,192.85,,192.85,,,,,,
182,193.26,,193.26,,,,,,
183,193.57,,193.57,,,,,,
184,193.99,,193.99,,,,,,
185,194.37,,194.37,,,,,,
186,194.75,,194.75,,,,,,
187,195.32,,195.32,,,,,,
188,195.44,,195.44,,,,,,
189,195.81,,195.81,,,,,,
190,197.01,,197.01,,,,,,
191,197.36,,197.36,,,,,,
192,197.51,,197.51,,,,,,
193,197.77,,197.77,,,,,,
194,197.93,,197.93,,,,,,
195,198.12,,198.12,,,,,,
196,198.82,,198.82,,,,,,
197,199.16,,199.16,,,,,,
198,199.39,,199.39,,,,,,
199,199.74,,199.74,,,,,,
200,200.01,,200.01,,,,,,
201,200.39,,200.39,,,,,,
202,200.9,,200.9,,,,,,
203,201.16,,201.16,,,,,,
204,201.4,,201.4,,,,,,
205,201.55,,201.55,,,,,,
206,202.77,,202.77,,,,,,
207,203.02,,203.02,,,,,,
208,204.09,,204.09,,,,,,
209,207.07,,207.07,,,,,,
210,207.51,,207.51,,,,,,
211,207.78,,207.78,,,,,,
212,211.15,,211.15,,,,,,
213,211.58,,211.58,,,,,,
214,211.88,,211.88,,,,,,
215,212.13,,212.13,,,,,,
216,212.76,,212.76,,,,,,
217,213.3,,213.3,,,,,,
218,213.71,,213.71,,,,,,
219,214.51,,214.51,,,,,,
220,214.78,,214.78,,,,,,
221,215.23,,215.23,,,,,,
222,227.15,,227.15,,,,,,
223,227.58,,227.58,,,,,,
224,228.0,,228.0,,,,,,
225,228.99,,228.99,,,,,,
226,229.61,,229.61,,,,,,
227,230.47,,230.47,,,,,,
228,231.42,,231.42,,,,,,
229,231.79,,231.79,,,,,,
230,232.08,,232.08,,,,,,
231,232.37,,232.37,,,,,,
232,233.03,,233.03,,,,,,
233,233.82,,233.82,,,,,,
234,234.3,,234.3,,,,,,
235,235.0,,235.0,,,,,,
236,235.31,,235.31,,,,,,
237,235.64,,235.64,,,,,,
238,238.66,,238.66,,,,,,
239,238.91,,238.91,,,,,,
240,239.32,,239.32,,,,,,
241,239.6,,239.6,,,,,,
242,239.97,,239.97,,,,,,
243,240.83,,240.83,,,,,,
244,241.81,,241.81,,,,,,
245,243.13,,243.13,,,,,,
246,243.36,,243.36,,,,,,
247,243.65,,243.65,,,,,,
248,244.39,,244.39,,,,,,
249,244.97,,244.97,,,,,,
250,245.49,,245.49,,,,,,
251,245.93,,245.93,,,,,,
252,246.31,,246.31,,,,,,
253,247.24,,247.24,,,,,,
254,248.29,,248.29,,,,,,
255,248.45,,248.45,,,,,,
256,248.75,,248.75,,,,,,
257,249.1,,249.1,,,,,,
258,249.66,,249.66,,,,,,
259,250.3,,250.3,,,,,,
260,250.61,,250.61,,,,,,
261,250.97,,250.97,,,,,,
262,251.32,,251.32,,,,,,
263,251.32,,,,251.32,,,,
264,259.03,,259.03,,,,,,
265,259.22,,259.22,,,,,,
266,260.29,,260.29,,,,,,
267,261.09,,261.09,,,,,,
268,261.45,,261.45,,,,,,
269,261.75,,261.75,,,,,,
270,262.17,,262.17,,,,,,
271,262.62,,262.62,,,,,,
272,263.61,,263.61,,,,,,
273,264.2,,264.2,,,,,,
274,264.77,,264.77,,,,,,
275,265.04,,265.04,,,,,,
276,265.54,,265.54,,,,,,
277,268.01,,268.01,,,,,,
278,268.82,,268.82,,,,,,
279,269.15,,269.15,,,,,,
280,271.32,,271.32,,,,,,
281,271.92,,271.92,,,,,,
282,272.26,,272.26,,,,,,
283,272.56,,272.56,,,,,,
284,272.83,,272.83,,,,,,
285,273.54,,273.54,,,,,,
286,274.0,,274.0,,,,,,
287,274.33,,274.33,,,,,,
288,274.93,,274.93,,,,,,
289,275.34,,275.34,,,,,,
290,275.76,,275.76,,,,,,
291,277.61,,277.61,,,,,,
292,277.86,,277.86,,,,,,
293,278.28,,278.28,,,,,,
294,278.57,,278.57,,,,,,
295,278.78,,278.78,,,,,,
296,279.28,,279.28,,,,,,
297,279.6,,279.6,,,,,,
298,280.55,,280.55,,,,,,
299,281.04,,281.04,,,,,,
300,281.42,,281.42,,,,,,
301,282.17,,282.17,,,,,,
302,282.4,,282.4,,,,,,
303,282.85,,282.85,,,,,,
304,283.15,,283.15,,,,,,
305,283.58,,283.58,,,,,,
306,283.86,,283.86,,,,,,
307,284.0,,284.0,,,,,,
308,284.44,,284.44,,,,,,
309,285.26,,285.26,,,,,,
310,285.56,,285.56,,,,,,
311,285.71,,285.71,,,,,,
312,286.09,,286.09,,,,,,
313,286.33,,286.33,,,,,,
314,286.89,,286.89,,,,,,
315,287.07,,287.07,,,,,,
316,287.41,,287.41,,,,,,
317,287.66,,287.66,,,,,,
318,287.9,,287.9,,,,,,
319,288.18,,288.18,,,,,,
320,288.41,,288.41,,,,,,
321,288.72,,288.72,,,,,,
322,289.0,,289.0,,,,,,
323,289.24,,289.24,,,,,,
324,289.43,,289.43,,,,,,
325,289.95,,289.95,,,,,,
326,290.11,,290.11,,,,,,
327,290.3,,290.3,,,,,,
328,290.76,,290.76,,,,,,
329,290.92,,290.92,,,,,,
330,291.45,,291.45,,,,,,
331,291.89,,291.89,,,,,,
332,292.21,,292.21,,,,,,
333,292.63,,292.63,,,,,,
334,292.88,,292.88,,,,,,
335,293.22,,293.22,,,,,,
336,293.65,,293.65,,,,,,
337,293.85,,293.85,,,,,,
338,294.85,,294.85,,,,,,
339,295.1,,295.1,,,,,,
340,295.39,,295.39,,,,,,
341,296.35,,296.35,,,,,,
342,296.72,,296.72,,,,,,
343,296.91,,296.91,,,,,,
344,297.14,,297.14,,,,,,
345,297.42,,297.42,,,,,,
346,297.82,,297.82,,,,,,
347,298.09,,298.09,,,,,,
348,298.47,,298.47,,,,,,
349,298.78,,298.78,,,,,,
350,299.12,,299.12,,,,,,
351,299.43,,299.43,,,,,,
352,299.74,,299.74,,,,,,
353,303.24,,303.24,,,,,,
354,303.46,,303.46,,,,,,
355,303.77,,303.77,,,,,,
356,304.02,,304.02,,,,,,
357,304.48,,304.48,,,,,,
358,304.97,,304.97,,,,,,
359,306.41,,306.41,,,,,,
360,306.62,,306.62,,,,,,
361,306.87,,306.87,,,,,,
362,307.25,,307.25,,,,,,
363,307.54,,307.54,,,,,,
364,307.54,,,,307.54,,,,
365,318.04,,318.04,,,,,,
366,318.34,,318.34,,,,,,
367,318.69,,318.69,,,,,,
368,319.16,,319.16,,,,,,
369,319.87,,319.87,,,,,,
370,320.22,,320.22,,,,,,
371,320.45,,320.45,,,,,,
372,321.01,,321.01,,,,,,
373,321.24,,321.24,,,,,,
374,321.65,,321.65,,,,,,
375,322.02,,322.02,,,,,,
376,322.41,,322.41,,,,,,
377,323.23,,323.23,,,,,,
378,323.7,,323.7,,,,,,
379,324.67,,324.67,,,,,,
380,325.15,,325.15,,,,,,
381,326.16,,326.16,,,,,,
382,326.47,,326.47,,,,,,
383,326.93,,326.93,,,,,,
384,327.15,,327.15,,,,,,
385,327.49,,327.49,,,,,,
386,327.7,,327.7,,,,,,
387,328.26,,328.26,,,,,,
388,328.68,,328.68,,,,,,
389,329.41,,329.41,,,,,,
390,329.8,,329.8,,,,,,
391,330.25,,330.25,,,,,,
392,330.54,,330.54,,,,,,
393,330.92,,330.92,,,,,,
394,332.26,,332.26,,,,,,
395,332.43,,332.43,,,,,,
396,333.76,,333.76,,,,,,
397,334.06,,334.06,,,,,,
398,334.41,,334.41,,,,,,
399,335.13,,335.13,,,,,,
400,337.34,,337.34,,,,,,
401,337.92,,337.92,,,,,,
402,339.03,,339.03,,,,,,
403,339.24,,339.24,,,,,,
404,339.42,,339.42,,,,,,
405,339.79,,339.79,,,,,,
406,339.94,,339.94,,,,,,
407,340.17,,340.17,,,,,,
408,340.67,,340.67,,,,,,
409,342.69,,342.69,,,,,,
410,343.56,,343.56,,,,,,
411,343.82,,343.82,,,,,,
412,344.02,,344.02,,,,,,
413,345.07,,345.07,,,,,,
414,345.38,,345.38,,,,,,
415,345.82,,345.82,,,,,,
416,346.06,,346.06,,,,,,
417,346.29,,346.29,,,,,,
418,346.54,,346.54,,,,,,
419,346.85,,346.85,,,,,,
420,347.35,,347.35,,,,,,
421,347.55,,347.55,,,,,,
422,350.94,,350.94,,,,,,
423,351.34,,351.34,,,,,,
424,351.67,,351.67,,,,,,
425,352.29,,352.29,,,,,,
426,352.87,,352.87,,,,,,
427,353.47,,353.47,,,,,,
428,353.68,,353.68,,,,,,
429,354.38,,354.38,,,,,,
430,354.71,,354.71,,,,,,
431,355.6,,355.6,,,,,,
432,356.63,,356.63,,,,,,
433,356.84,,356.84,,,,,,
434,357.07,,357.07,,,,,,
435,357.45,,357.45,,,,,,
436,358.01,,358.01,,,,,,
437,358.48,,358.48,,,,,,
438,358.97,,358.97,,,,,,
439,359.49,,359.49,,,,,,
440,359.85,,359.85,,,,,,
441,360.19,360.19,,,,,,,
442,360.59,360.59,,,,,,,
443,360.8,360.8,,,,,,,
444,361.16,361.16,,,,,,,
445,361.37,361.37,,,,,,,
446,361.75,361.75,,,,,,,
447,362.2,362.2,,,,,,,
448,362.69,362.69,,,,,,,
449,363.07,363.07,,,,,,,
450,364.12,364.12,,,,,,,
451,364.42,364.42,,,,,,,
452,364.83,364.83,,,,,,,
453,365.42,365.42,,,,,,,
454,365.68,365.68,,,,,,,
455,366.15,366.15,,,,,,,
456,367.44,367.44,,,,,,,
457,368.27,368.27,,,,,,,
458,368.57,368.57,,,,,,,
459,368.96,368.96,,,,,,,
460,369.29,369.29,,,,,,,
461,369.72,369.72,,,,,,,
462,369.98,369.98,,,,,,,
463,372.03,372.03,,,,,,,
464,372.51,372.51,,,,,,,
465,373.11,373.11,,,,,,,
466,373.39,373.39,,,,,,,
467,373.39,,,373.39,,,,,
468,399.78,399.78,,,,,,,
469,400.1,400.1,,,,,,,
470,400.44,400.44,,,,,,,
471,400.97,400.97,,,,,,,
472,401.72,401.72,,,,,,,
473,402.17,402.17,,,,,,,
474,403.48,403.48,,,,,,,
475,403.77,403.77,,,,,,,
476,404.53,404.53,,,,,,,
477,404.7,404.7,,,,,,,
478,405.1,405.1,,,,,,,
479,405.47,405.47,,,,,,,
480,405.9,405.9,,,,,,,
481,406.24,406.24,,,,,,,
482,406.7,406.7,,,,,,,
483,407.24,407.24,,,,,,,
484,407.52,407.52,,,,,,,
485,409.61,409.61,,,,,,,
486,409.84,409.84,,,,,,,
487,410.09,410.09,,,,,,,
488,410.46,410.46,,,,,,,
489,410.68,410.68,,,,,,,
490,410.89,410.89,,,,,,,
491,411.92,411.92,,,,,,,
492,412.86,412.86,,,,,,,
493,412.86,,,412.86,,,,,
494,417.74,417.74,,,,,,,
495,417.95,417.95,,,,,,,
496,418.34,418.34,,,,,,,
497,418.78,418.78,,,,,,,
498,419.22,419.22,,,,,,,
499,419.65,419.65,,,,,,,
500,420.14,420.14,,,,,,,
501,420.45,420.45,,,,,,,
502,420.84,420.84,,,,,,,
503,421.25,421.25,,,,,,,
504,421.83,421.83,,,,,,,
505,422.14,422.14,,,,,,,
506,422.35,422.35,,,,,,,
507,422.73,422.73,,,,,,,
508,422.92,422.92,,,,,,,
509,423.25,423.25,,,,,,,
510,424.0,424.0,,,,,,,
511,424.83,424.83,,,,,,,
512,425.01,425.01,,,,,,,
513,425.86,425.86,,,,,,,
514,426.21,426.21,,,,,,,
515,426.65,426.65,,,,,,,
516,428.18,428.18,,,,,,,
517,429.09,429.09,,,,,,,
518,429.35,429.35,,,,,,,
519,429.35,,,429.35,,,,,
520,434.55,434.55,,,,,,,
521,435.03,435.03,,,,,,,
522,435.32,435.32,,,,,,,
523,435.92,435.92,,,,,,,
524,436.81,436.81,,,,,,,
525,437.15,437.15,,,,,,,
526,438.25,438.25,,,,,,,
527,438.41,438.41,,,,,,,
528,438.67,438.67,,,,,,,
529,438.95,438.95,,,,,,,
530,439.27,439.27,,,,,,,
531,439.45,439.45,,,,,,,
532,439.75,439.75,,,,,,,
533,440.58,440.58,,,,,,,
534,441.05,441.05,,,,,,,
535,441.54,441.54,,,,,,,
536,442.21,442.21,,,,,,,
537,442.48,442.48,,,,,,,
538,442.69,442.69,,,,,,,
539,443.17,443.17,,,,,,,
540,443.51,443.51,,,,,,,
541,443.92,443.92,,,,,,,
542,444.09,444.09,,,,,,,
543,445.19,445.19,,,,,,,
544,445.84,445.84,,,,,,,
545,445.84,,,445.84,,,,,
546,452.52,452.52,,,,,,,
547,452.81,452.81,,,,,,,
548,453.23,453.23,,,,,,,
549,453.66,453.66,,,,,,,
550,454.36,454.36,,,,,,,
551,454.92,454.92,,,,,,,
552,455.56,455.56,,,,,,,
553,455.88,455.88,,,,,,,
554,456.22,456.22,,,,,,,
555,459.17,459.17,,,,,,,
556,459.4,459.4,,,,,,,
557,459.59,459.59,,,,,,,
558,459.91,459.91,,,,,,,
559,460.33,460.33,,,,,,,
560,460.89,460.89,,,,,,,
561,461.34,461.34,,,,,,,
562,462.04,462.04,,,,,,,
563,462.5,462.5,,,,,,,
564,463.24,463.24,,,,,,,
565,464.1,464.1,,,,,,,
566,464.58,464.58,,,,,,,
567,464.92,464.92,,,,,,,
568,465.41,465.41,,,,,,,
569,465.67,465.67,,,,,,,
570,466.64,466.64,,,,,,,
571,466.64,,,466.64,,,,,
572,471.98,471.98,,,,,,,
573,472.17,472.17,,,,,,,
574,472.46,472.46,,,,,,,
575,472.73,472.73,,,,,,,
576,473.15,473.15,,,,,,,
577,473.55,473.55,,,,,,,
578,474.23,474.23,,,,,,,
579,474.55,474.55,,,,,,,
580,475.68,475.68,,,,,,,
581,476.03,476.03,,,,,,,
582,476.28,476.28,,,,,,,
583,476.67,476.67,,,,,,,
584,476.86,476.86,,,,,,,
585,477.05,477.05,,,,,,,
586,477.27,477.27,,,,,,,
587,477.68,477.68,,,,,,,
588,477.87,477.87,,,,,,,
589,478.56,478.56,,,,,,,
590,479.05,479.05,,,,,,,
591,479.52,479.52,,,,,,,
592,479.8,479.8,,,,,,,
593,480.34,480.34,,,,,,,
594,480.96,480.96,,,,,,,
595,481.64,481.64,,,,,,,
596,481.94,481.94,,,,,,,
597,481.94,,,481.94,,,,,
598,487.6,487.6,,,,,,,
599,487.89,487.89,,,,,,,
600,488.07,488.07,,,,,,,
0,488.27,488.27,,,,,,,
1,488.65,488.65,,,,,,,
2,489.23,489.23,,,,,,,
3,489.69,489.69,,,,,,,
4,489.96,489.96,,,,,,,
5,490.57,490.57,,,,,,,
6,490.81,490.81,,,,,,,
7,491.91,491.91,,,,,,,
8,492.59,492.59,,,,,,,
9,492.97,492.97,,,,,,,
10,493.19,493.19,,,,,,,
11,493.5,493.5,,,,,,,
12,493.97,493.97,,,,,,,
13,494.27,494.27,,,,,,,
14,495.19,495.19,,,,,,,
15,495.86,495.86,,,,,,,
16,496.16,496.16,,,,,,,
17,496.51,496.51,,,,,,,
18,497.04,497.04,,,,,,,
19,498.22,498.22,,,,,,,
20,498.82,498.82,,,,,,,
21,499.13,499.13,,,,,,,
22,499.13,,,499.13,,,,,
23,505.04,505.04,,,,,,,
24,505.41,505.41,,,,,,,
25,505.63,505.63,,,,,,,
26,505.76,505.76,,,,,,,
27,506.14,506.14,,,,,,,
28,506.85,506.85,,,,,,,
29,507.31,507.31,,,,,,,
30,508.18,508.18,,,,,,,
31,508.43,508.43,,,,,,,
32,509.46,509.46,,,,,,,
33,509.7,509.7,,,,,,,
34,510.5,510.5,,,,,,,
35,510.82,510.82,,,,,,,
36,510.99,510.99,,,,,,,
37,511.78,511.78,,,,,,,
38,512.43,512.43,,,,,,,
39,512.78,512.78,,,,,,,
40,513.29,513.29,,,,,,,
41,513.7,513.7,,,,,,,
42,514.15,514.15,,,,,,,
43,514.42,514.42,,,,,,,
44,514.62,514.62,,,,,,,
45,516.09,516.09,,,,,,,
46,516.37,516.37,,,,,,,
47,516.63,516.63,,,,,,,
48,516.63,,,516.63,,,,,
49,532.54,532.54,,,,,,,
50,532.71,532.71,,,,,,,
51,533.29,533.29,,,,,,,
52,533.69,533.69,,,,,,,
53,535.57,535.57,,,,,,,
54,535.91,535.91,,,,,,,
55,538.4,538.4,,,,,,,
56,538.55,538.55,,,,,,,
57,538.96,538.96,,,,,,,
58,539.79,539.79,,,,,,,
59,540.18,540.18,,,,,,,
60,540.29,,540.29,,,,,,
61,540.36,,540.36,,,,,,
62,540.88,,540.88,,,,,,
63,541.12,,541.12,,,,,,
64,541.62,,541.62,,,,,,
65,543.15,,543.15,,,,,,
66,543.47,,543.47,,,,,,
67,543.8,,543.8,,,,,,
68,543.96,,543.96,,,,,,
69,544.3,,544.3,,,,,,
70,545.9,,545.9,,,,,,
71,546.38,,546.38,,,,,,
72,546.69,,546.69,,,,,,
73,547.1,,547.1,,,,,,
74,547.34,,547.34,,,,,,
75,547.58,,547.58,,,,,,
76,547.95,,547.95,,,,,,
77,549.02,,549.02,,,,,,
78,549.47,,549.47,,,,,,
79,550.07,,550.07,,,,,,
80,550.54,,550.54,,,,,,
81,550.77,,550.77,,,,,,
82,550.98,,550.98,,,,,,
83,552.06,,552.06,,,,,,
84,552.35,,552.35,,,,,,
85,553.18,,553.18,,,,,,
86,554.35,,554.35,,,,,,
87,554.61,,554.61,,,,,,
88,554.88,,554.88,,,,,,
89,555.3,,555.3,,,,,,
90,555.72,,555.72,,,,,,
91,556.2,,556.2,,,,,,
92,556.52,,556.52,,,,,,
93,556.97,,556.97,,,,,,
94,557.47,,557.47,,,,,,
95,557.74,,557.74,,,,,,
96,558.46,,558.46,,,,,,
97,558.7,,558.7,,,,,,
98,558.98,,558.98,,,,,,
99,559.49,,559.49,,,,,,
100,559.74,,559.74,,,,,,
101,560.01,,560.01,,,,,,
102,560.18,,560.18,,,,,,
103,560.51,,560.51,,,,,,
104,561.04,,561.04,,,,,,
105,563.05,,563.05,,,,,,
106,563.73,,563.73,,,,,,
107,564.03,,564.03,,,,,,
108,565.1,,565.1,,,,,,
109,565.29,,565.29,,,,,,
110,565.44,,565.44,,,,,,
111,565.84,,565.84,,,,,,
112,566.39,,566.39,,,,,,
113,567.37,,567.37,,,,,,
114,567.68,,567.68,,,,,,
115,568.09,,568.09,,,,,,
116,568.43,,568.43,,,,,,
117,568.81,,568.81,,,,,,
118,569.69,,569.69,,,,,,
119,569.9,,569.9,,,,,,
120,570.16,,570.16,,,,,,
121,570.4,,570.4,,,,,,
122,570.87,,570.87,,,,,,
123,571.21,,571.21,,,,,,
124,571.36,,571.36,,,,,,
125,571.76,,571.76,,,,,,
126,571.96,,571.96,,,,,,
127,572.39,,572.39,,,,,,
128,572.92,,572.92,,,,,,
129,573.26,,573.26,,,,,,
130,573.49,,573.49,,,,,,
131,573.77,,573.77,,,,,,
132,573.93,,573.93,,,,,,
133,574.43,,574.43,,,,,,
134,574.72,,574.72,,,,,,
135,574.94,,574.94,,,,,,
136,575.31,,575.31,,,,,,
137,575.63,,575.63,,,,,,
138,575.92,,575.92,,,,,,
139,579.95,,579.95,,,,,,
140,580.22,,580.22,,,,,,
141,580.5,,580.5,,,,,,
142,580.7,,580.7,,,,,,
143,581.1,,581.1,,,,,,
144,581.47,,581.47,,,,,,
145,582.16,,582.16,,,,,,
146,582.57,,582.57,,,,,,
147,583.42,,583.42,,,,,,
148,584.03,,584.03,,,,,,
149,584.29,,584.29,,,,,,
150,584.62,,584.62,,,,,,
151,584.91,,584.91,,,,,,
152,585.14,,585.14,,,,,,
153,585.73,,585.73,,,,,,
154,586.11,,586.11,,,,,,
155,586.67,,586.67,,,,,,
156,586.94,,586.94,,,,,,
157,590.69,,590.69,,,,,,
158,590.97,,590.97,,,,,,
159,591.24,,591.24,,,,,,
160,591.52,,591.52,,,,,,
161,591.52,,,,591.52,,,,
162,633.31,,633.31,,,,,,
163,633.58,,633.58,,,,,,
164,633.91,,633.91,,,,,,
165,634.5,,634.5,,,,,,
166,634.95,,634.95,,,,,,
167,635.98,,635.98,,,,,,
168,636.93,,636.93,,,,,,
169,637.92,,637.92,,,,,,
170,638.32,,638.32,,,,,,
171,638.55,,638.55,,,,,,
172,638.76,,638.76,,,,,,
173,639.56,,639.56,,,,,,
174,640.49,,640.49,,,,,,
175,641.02,,641.02,,,,,,
176,641.39,,641.39,,,,,,
177,641.61,,641.61,,,,,,
178,641.98,,641.98,,,,,,
179,643.38,,643.38,,,,,,
180,643.91,,643.91,,,,,,
181,647.11,,647.11,,,,,,
182,647.38,,647.38,,,,,,
183,647.68,,647.68,,,,,,
184,648.03,,648.03,,,,,,
185,648.29,,648.29,,,,,,
186,648.58,,648.58,,,,,,
187,648.95,,648.95,,,,,,
188,649.55,,649.55,,,,,,
189,649.99,,649.99,,,,,,
190,650.93,,650.93,,,,,,
191,653.17,,653.17,,,,,,
192,653.48,,653.48,,,,,,
193,653.65,,653.65,,,,,,
194,653.85,,653.85,,,,,,
195,654.18,,654.18,,,,,,
196,654.53,,654.53,,,,,,
197,654.85,,654.85,,,,,,
198,655.25,,655.25,,,,,,
199,656.25,,656.25,,,,,,
200,657.06,,657.06,,,,,,
201,657.37,,657.37,,,,,,
202,657.67,,657.67,,,,,,
203,657.9,,657.9,,,,,,
204,658.13,,658.13,,,,,,
205,658.48,,658.48,,,,,,
206,659.53,,659.53,,,,,,
207,660.67,,660.67,,,,,,
208,661.3,,661.3,,,,,,
209,661.62,,661.62,,,,,,
210,661.94,,661.94,,,,,,
211,662.2,,662.2,,,,,,
212,666.12,,666.12,,,,,,
213,666.7,,666.7,,,,,,
214,667.25,,667.25,,,,,,
215,667.47,,667.47,,,,,,
216,667.73,,667.73,,,,,,
217,668.3,,668.3,,,,,,
218,668.69,,668.69,,,,,,
219,669.1,,669.1,,,,,,
220,669.6,,669.6,,,,,,
221,670.26,,670.26,,,,,,
222,670.6,,670.6,,,,,,
223,671.11,,671.11,,,,,,
224,671.42,,671.42,,,,,,
225,672.13,,672.13,,,,,,
226,673.86,,673.86,,,,,,
227,675.47,,675.47,,,,,,
228,675.86,,675.86,,,,,,
229,676.08,,676.08,,,,,,
230,676.39,,676.39,,,,,,
231,676.81,,676.81,,,,,,
232,677.26,,677.26,,,,,,
233,677.65,,677.65,,,,,,
234,678.04,,678.04,,,,,,
235,678.67,,678.67,,,,,,
236,678.89,,678.89,,,,,,
237,682.49,,682.49,,,,,,
238,683.08,,683.08,,,,,,
239,684.78,,684.78,,,,,,
240,685.65,,685.65,,,,,,
241,686.14,,686.14,,,,,,
242,686.91,,686.91,,,,,,
243,687.95,,687.95,,,,,,
244,688.17,,688.17,,,,,,
245,688.48,,688.48,,,,,,
246,688.67,,688.67,,,,,,
247,689.01,,689.01,,,,,,
248,689.23,,689.23,,,,,,
249,689.5,,689.5,,,,,,
250,689.75,,689.75,,,,,,
251,690.07,,690.07,,,,,,
252,690.45,,690.45,,,,,,
253,691.11,,691.11,,,,,,
254,691.47,,691.47,,,,,,
255,691.73,,691.73,,,,,,
256,692.05,,692.05,,,,,,
257,692.57,,692.57,,,,,,
258,692.83,,692.83,,,,,,
259,693.05,,693.05,,,,,,
260,693.23,,693.23,,,,,,
261,693.49,,693.49,,,,,,
262,693.49,,,,693.49,,,,
263,704.26,,704.26,,,,,,
264,704.57,,704.57,,,,,,
265,704.77,,704.77,,,,,,
266,705.24,,705.24,,,,,,
267,705.69,,705.69,,,,,,
268,706.35,,706.35,,,,,,
269,706.85,,706.85,,,,,,
270,707.31,,707.31,,,,,,
271,707.8,,707.8,,,,,,
272,708.03,,708.03,,,,,,
273,709.42,,709.42,,,,,,
274,709.75,,709.75,,,,,,
275,710.16,,710.16,,,,,,
276,710.46,,710.46,,,,,,
277,710.91,,710.91,,,,,,
278,711.11,,711.11,,,,,,
279,711.84,,711.84,,,,,,
280,713.75,,713.75,,,,,,
281,714.12,,714.12,,,,,,
282,714.26,,714.26,,,,,,
283,714.56,,714.56,,,,,,
284,715.46,,715.46,,,,,,
285,715.68,,715.68,,,,,,
286,715.9,,715.9,,,,,,
287,716.62,,716.62,,,,,,
288,717.12,,717.12,,,,,,
289,718.21,,718.21,,,,,,
290,718.42,,718.42,,,,,,
291,718.99,,718.99,,,,,,
292,720.39,720.39,,,,,,,
293,721.28,721.28,,,,,,,
294,721.78,721.78,,,,,,,
295,721.96,721.96,,,,,,,
296,722.19,722.19,,,,,,,
297,722.55,722.55,,,,,,,
298,722.95,722.95,,,,,,,
299,723.4,723.4,,,,,,,
300,723.72,723.72,,,,,,,
301,724.15,724.15,,,,,,,
302,724.67,724.67,,,,,,,
303,724.94,724.94,,,,,,,
304,726.51,726.51,,,,,,,
305,726.7,726.7,,,,,,,
306,727.07,727.07,,,,,,,
307,728.54,728.54,,,,,,,
308,728.78,728.78,,,,,,,
309,729.01,729.01,,,,,,,
310,729.48,729.48,,,,,,,
311,729.93,729.93,,,,,,,
312,730.6,730.6,,,,,,,
313,731.33,731.33,,,,,,,
314,731.82,731.82,,,,,,,
315,732.17,732.17,,,,,,,
316,732.52,732.52,,,,,,,
317,732.98,732.98,,,,,,,
318,732.98,,,732.98,,,,,
319,739.02,739.02,,,,,,,
320,739.19,739.19,,,,,,,
321,739.45,739.45,,,,,,,
322,739.87,739.87,,,,,,,
323,740.17,740.17,,,,,,,
324,740.4,740.4,,,,,,,
325,740.89,740.89,,,,,,,
326,741.14,741.14,,,,,,,
327,741.52,741.52,,,,,,,
328,742.62,742.62,,,,,,,
329,743.42,743.42,,,,,,,
330,743.62,743.62,,,,,,,
331,743.81,743.81,,,,,,,
332,744.07,744.07,,,,,,,
333,744.45,744.45,,,,,,,
334,744.87,744.87,,,,,,,
335,745.23,745.23,,,,,,,
336,746.45,746.45,,,,,,,
337,747.47,747.47,,,,,,,
338,747.78,747.78,,,,,,,
339,748.3,748.3,,,,,,,
340,748.52,748.52,,,,,,,
341,749.13,749.13,,,,,,,
342,750.17,750.17,,,,,,,
343,750.94,750.94,,,,,,,
344,750.94,,,750.94,,,,,
345,756.15,756.15,,,,,,,
346,756.33,756.33,,,,,,,
347,756.52,756.52,,,,,,,
348,756.87,756.87,,,,,,,
349,757.26,757.26,,,,,,,
350,757.85,757.85,,,,,,,
351,758.78,758.78,,,,,,,
352,759.65,759.65,,,,,,,
353,759.91,759.91,,,,,,,
354,760.13,760.13,,,,,,,
355,760.39,760.39,,,,,,,
356,760.67,760.67,,,,,,,
357,760.9,760.9,,,,,,,
358,761.19,761.19,,,,,,,
359,761.67,761.67,,,,,,,
360,761.86,761.86,,,,,,,
361,762.34,762.34,,,,,,,
362,762.68,762.68,,,,,,,
363,764.03,764.03,,,,,,,
364,764.25,764.25,,,,,,,
365,764.85,764.85,,,,,,,
366,765.13,765.13,,,,,,,
367,765.63,765.63,,,,,,,
368,766.27,766.27,,,,,,,
369,766.54,766.54,,,,,,,
370,766.54,,,766.54,,,,,
371,774.08,774.08,,,,,,,
372,774.47,774.47,,,,,,,
373,774.88,774.88,,,,,,,
374,775.21,775.21,,,,,,,
375,775.6,775.6,,,,,,,
376,776.33,776.33,,,,,,,
377,777.2,777.2,,,,,,,
378,777.34,777.34,,,,,,,
379,778.97,778.97,,,,,,,
380,779.26,779.26,,,,,,,
381,779.48,779.48,,,,,,,
382,779.81,779.81,,,,,,,
383,780.0,780.0,,,,,,,
384,780.32,780.32,,,,,,,
385,780.68,780.68,,,,,,,
386,781.04,781.04,,,,,,,
387,781.53,781.53,,,,,,,
388,781.83,781.83,,,,,,,
389,782.32,782.32,,,,,,,
390,782.82,782.82,,,,,,,
391,782.95,782.95,,,,,,,
392,784.41,784.41,,,,,,,
393,784.8,784.8,,,,,,,
394,785.18,785.18,,,,,,,
395,785.43,785.43,,,,,,,
396,785.43,,,785.43,,,,,
397,791.65,791.65,,,,,,,
398,792.02,792.02,,,,,,,
399,792.27,792.27,,,,,,,
400,792.49,792.49,,,,,,,
401,792.74,792.74,,,,,,,
402,793.02,793.02,,,,,,,
403,793.38,793.38,,,,,,,
404,794.14,794.14,,,,,,,
405,794.71,794.71,,,,,,,
406,795.21,795.21,,,,,,,
407,796.25,796.25,,,,,,,
408,796.71,796.71,,,,,,,
409,797.22,797.22,,,,,,,
410,797.38,797.38,,,,,,,
411,797.59,797.59,,,,,,,
412,798.03,798.03,,,,,,,
413,798.31,798.31,,,,,,,
414,799.13,799.13,,,,,,,
415,799.35,799.35,,,,,,,
416,799.98,799.98,,,,,,,
417,800.35,800.35,,,,,,,
418,800.75,800.75,,,,,,,
419,801.51,801.51,,,,,,,
420,802.22,802.22,,,,,,,
421,803.03,803.03,,,,,,,
422,803.03,,,803.03,,,,,
423,808.99,808.99,,,,,,,
424,809.19,809.19,,,,,,,
425,809.4,809.4,,,,,,,
426,810.12,810.12,,,,,,,
427,810.43,810.43,,,,,,,
428,810.95,810.95,,,,,,,
429,811.47,811.47,,,,,,,
430,811.97,811.97,,,,,,,
431,812.18,812.18,,,,,,,
432,812.47,812.47,,,,,,,
433,812.87,812.87,,,,,,,
434,813.33,813.33,,,,,,,
435,815.78,815.78,,,,,,,
436,816.09,816.09,,,,,,,
437,816.3,816.3,,,,,,,
438,816.5,816.5,,,,,,,
439,816.74,816.74,,,,,,,
440,817.09,817.09,,,,,,,
441,817.64,817.64,,,,,,,
442,817.97,817.97,,,,,,,
443,818.6,818.6,,,,,,,
444,818.94,818.94,,,,,,,
445,819.77,819.77,,,,,,,
446,820.07,820.07,,,,,,,
447,820.84,820.84,,,,,,,
448,820.84,,,820.84,,,,,
449,826.28,826.28,,,,,,,
450,826.47,826.47,,,,,,,
451,826.72,826.72,,,,,,,
452,827.08,827.08,,,,,,,
453,827.42,827.42,,,,,,,
454,827.78,827.78,,,,,,,
455,828.12,828.12,,,,,,,
456,828.72,828.72,,,,,,,
457,828.91,828.91,,,,,,,
458,829.26,829.26,,,,,,,
459,829.62,829.62,,,,,,,
460,830.56,830.56,,,,,,,
461,830.8,830.8,,,,,,,
462,831.48,831.48,,,,,,,
463,831.68,831.68,,,,,,,
464,831.93,831.93,,,,,,,
465,832.33,832.33,,,,,,,
466,832.74,832.74,,,,,,,
467,833.95,833.95,,,,,,,
468,834.21,834.21,,,,,,,
469,834.94,834.94,,,,,,,
470,835.29,835.29,,,,,,,
471,835.81,835.81,,,,,,,
472,836.86,836.86,,,,,,,
473,837.08,837.08,,,,,,,
474,837.08,,,837.08,,,,,
475,842.19,842.19,,,,,,,
476,842.37,842.37,,,,,,,
477,842.58,842.58,,,,,,,
478,842.91,842.91,,,,,,,
479,843.21,843.21,,,,,,,
480,843.67,843.67,,,,,,,
481,844.43,844.43,,,,,,,
482,844.64,844.64,,,,,,,
483,844.91,844.91,,,,,,,
484,845.38,845.38,,,,,,,
485,845.77,845.77,,,,,,,
486,846.44,846.44,,,,,,,
487,846.75,846.75,,,,,,,
488,847.04,847.04,,,,,,,
489,847.28,847.28,,,,,,,
490,847.48,847.48,,,,,,,
491,847.71,847.71,,,,,,,
492,848.09,848.09,,,,,,,
493,848.51,848.51,,,,,,,
494,849.24,849.24,,,,,,,
495,850.78,850.78,,,,,,,
496,851.11,851.11,,,,,,,
497,851.7,851.7,,,,,,,
498,851.99,851.99,,,,,,,
499,852.5,852.5,,,,,,,
500,852.5,,,852.5,,,,,
501,859.76,859.76,,,,,,,
502,860.15,860.15,,,,,,,
503,860.42,860.42,,,,,,,
504,861.31,861.31,,,,,,,
505,861.81,861.81,,,,,,,
506,862.2,862.2,,,,,,,
507,862.47,862.47,,,,,,,
508,862.77,862.77,,,,,,,
509,862.93,862.93,,,,,,,
510,863.12,863.12,,,,,,,
511,863.45,863.45,,,,,,,
512,863.71,863.71,,,,,,,
513,864.28,864.28,,,,,,,
514,864.63,864.63,,,,,,,
515,864.91,864.91,,,,,,,
516,865.41,865.41,,,,,,,
517,865.73,865.73,,,,,,,
518,866.25,866.25,,,,,,,
519,867.18,867.18,,,,,,,
520,867.4,867.4,,,,,,,
521,867.92,867.92,,,,,,,
522,869.14,869.14,,,,,,,
523,869.34,869.34,,,,,,,
524,869.57,869.57,,,,,,,
525,869.81,869.81,,,,,,,
526,869.81,,,869.81,,,,,
527,875.64,875.64,,,,,,,
528,876.11,876.11,,,,,,,
529,876.39,876.39,,,,,,,
530,876.58,876.58,,,,,,,
531,876.89,876.89,,,,,,,
532,877.19,877.19,,,,,,,
533,877.4,877.4,,,,,,,
534,877.67,877.67,,,,,,,
535,878.07,878.07,,,,,,,
536,878.51,878.51,,,,,,,
537,878.77,878.77,,,,,,,
538,879.36,879.36,,,,,,,
539,880.81,880.81,,,,,,,
540,881.23,881.23,,,,,,,
541,881.4,881.4,,,,,,,
542,881.58,881.58,,,,,,,
543,881.95,881.95,,,,,,,
544,882.26,882.26,,,,,,,
545,883.21,883.21,,,,,,,
546,884.03,884.03,,,,,,,
547,884.51,884.51,,,,,,,
548,885.0,885.0,,,,,,,
549,886.25,886.25,,,,,,,
550,886.51,886.51,,,,,,,
551,887.23,887.23,,,,,,,
552,887.23,,,887.23,,,,,
553,893.78,893.78,,,,,,,
554,894.28,894.28,,,,,,,
555,894.49,894.49,,,,,,,
556,894.72,894.72,,,,,,,
557,895.53,895.53,,,,,,,
558,895.85,895.85,,,,,,,
559,896.31,896.31,,,,,,,
560,896.89,896.89,,,,,,,
561,897.11,897.11,,,,,,,
562,897.49,897.49,,,,,,,
563,898.17,898.17,,,,,,,
564,899.4,899.4,,,,,,,
565,899.68,899.68,,,,,,,
566,899.88,899.88,,,,,,,
567,900.07,900.07,,,,,,,
568,900.49,,900.49,,,,,,
569,900.49,,900.49,,,,,,
570,901.31,,901.31,,,,,,
571,901.59,,901.59,,,,,,
572,901.99,,901.99,,,,,,
573,902.53,,902.53,,,,,,
574,903.23,,903.23,,,,,,
575,904.39,,904.39,,,,,,
576,904.77,,904.77,,,,,,
577,905.33,,905.33,,,,,,
578,906.34,,906.34,,,,,,
579,906.61,,906.61,,,,,,
580,907.39,,907.39,,,,,,
581,907.77,,907.77,,,,,,
582,908.43,,908.43,,,,,,
583,909.49,,909.49,,,,,,
584,910.4,,910.4,,,,,,
585,910.71,,910.71,,,,,,
586,911.22,,911.22,,,,,,
587,911.69,,911.69,,,,,,
588,912.32,,912.32,,,,,,
589,912.57,,912.57,,,,,,
590,913.6,,913.6,,,,,,
591,917.4,,917.4,,,,,,
592,917.53,,917.53,,,,,,
593,918.18,,918.18,,,,,,
594,918.44,,918.44,,,,,,
595,918.79,,918.79,,,,,,
596,919.4,,919.4,,,,,,
597,936.82,,936.82,,,,,,
598,937.05,,937.05,,,,,,
599,937.5,,937.5,,,,,,
600,937.88,,937.88,,,,,,
0,938.4,,938.4,,,,,,
1,939.09,,939.09,,,,,,
2,939.84,,939.84,,,,,,
3,940.29,,940.29,,,,,,
4,941.22,,941.22,,,,,,
5,941.99,,941.99,,,,,,
6,942.23,,942.23,,,,,,
7,942.51,,942.51,,,,,,
8,943.58,,943.58,,,,,,
9,943.96,,943.96,,,,,,
10,944.55,,944.55,,,,,,
11,945.49,,945.49,,,,,,
12,945.96,,945.96,,,,,,
13,946.18,,946.18,,,,,,
14,949.51,,949.51,,,,,,
15,950.5,,950.5,,,,,,
16,950.82,,950.82,,,,,,
17,951.02,,951.02,,,,,,
18,951.31,,951.31,,,,,,
19,951.71,,951.71,,,,,,
20,953.3,,953.3,,,,,,
21,953.49,,953.49,,,,,,
22,953.65,,953.65,,,,,,
23,954.08,,954.08,,,,,,
24,954.28,,954.28,,,,,,
25,954.99,,954.99,,,,,,
26,956.09,,956.09,,,,,,
27,958.24,,958.24,,,,,,
28,959.06,,959.06,,,,,,
29,959.31,,959.31,,,,,,
30,959.44,,959.44,,,,,,
31,959.98,,959.98,,,,,,
32,960.23,,960.23,,,,,,
33,960.44,,960.44,,,,,,
34,960.99,,960.99,,,,,,
35,961.6,,961.6,,,,,,
36,962.26,,962.26,,,,,,
37,963.34,,963.34,,,,,,
38,963.66,,963.66,,,,,,
39,964.18,,964.18,,,,,,
40,965.98,,965.98,,,,,,
41,966.92,,966.92,,,,,,
42,967.75,,967.75,,,,,,
43,968.38,,968.38,,,,,,
44,968.91,,968.91,,,,,,
45,969.11,,969.11,,,,,,
46,969.66,,969.66,,,,,,
47,969.93,,969.93,,,,,,
48,970.22,,970.22,,,,,,
49,970.44,,970.44,,,,,,
50,970.74,,970.74,,,,,,
51,971.03,,971.03,,,,,,
52,971.42,,971.42,,,,,,
53,971.69,,971.69,,,,,,
54,972.47,,972.47,,,,,,
55,973.07,,973.07,,,,,,
56,973.36,,973.36,,,,,,
57,973.69,,973.69,,,,,,
58,979.08,,979.08,,,,,,
59,979.31,,979.31,,,,,,
60,979.6,,979.6,,,,,,
61,979.88,,979.88,,,,,,
62,980.25,,980.25,,,,,,
63,981.45,,981.45,,,,,,
64,981.97,,981.97,,,,,,
65,982.35,,982.35,,,,,,
66,982.86,,982.86,,,,,,
67,983.48,,983.48,,,,,,
68,983.48,,,,983.48,,,,
69,990.57,,990.57,,,,,,
70,990.91,,990.91,,,,,,
71,991.31,,991.31,,,,,,
72,991.84,,991.84,,,,,,
73,992.37,,992.37,,,,,,
74,993.08,,993.08,,,,,,
75,993.46,,993.46,,,,,,
76,994.24,,994.24,,,,,,
77,995.03,,995.03,,,,,,
78,996.02,,996.02,,,,,,
79,996.19,,996.19,,,,,,
80,996.45,,996.45,,,,,,
81,996.84,,996.84,,,,,,
82,998.31,,998.31,,,,,,
83,999.41,,999.41,,,,,,
84,999.67,,999.67,,,,,,
85,1000.06,,1000.06,,,,,,
86,1000.5,,1000.5,,,,,,
87,1001.17,,1001.17,,,,,,
88,1002.38,,1002.38,,,,,,
89,1002.82,,1002.82,,,,,,
90,1003.49,,1003.49,,,,,,
91,1003.88,,1003.88,,,,,,
92,1004.57,,1004.57,,,,,,
93,1005.4,,1005.4,,,,,,
94,1007.38,,1007.38,,,,,,
95,1007.57,,1007.57,,,,,,
96,1008.39,,1008.39,,,,,,
97,1008.62,,1008.62,,,,,,
98,1009.07,,1009.07,,,,,,
99,1009.48,,1009.48,,,,,,
100,1010.11,,1010.11,,,,,,
101,1010.39,,1010.39,,,,,,
102,1010.86,,1010.86,,,,,,
103,1011.31,,1011.31,,,,,,
104,1012.66,,1012.66,,,,,,
105,1012.95,,1012.95,,,,,,
106,1014.64,,1014.64,,,,,,
107,1014.97,,1014.97,,,,,,
108,1015.14,,1015.14,,,,,,
109,1016.01,,1016.01,,,,,,
110,1016.25,,1016.25,,,,,,
111,1016.76,,1016.76,,,,,,
112,1017.53,,1017.53,,,,,,
113,1017.7,,1017.7,,,,,,
114,1018.57,,1018.57,,,,,,
115,1018.81,,1018.81,,,,,,
116,1020.28,,1020.28,,,,,,
117,1020.88,,1020.88,,,,,,
118,1023.14,,1023.14,,,,,,
119,1023.41,,1023.41,,,,,,
120,1023.62,,1023.62,,,,,,
121,1023.85,,1023.85,,,,,,
122,1024.23,,1024.23,,,,,,
123,1024.66,,1024.66,,,,,,
124,1024.96,,1024.96,,,,,,
125,1025.37,,1025.37,,,,,,
126,1026.36,,1026.36,,,,,,
127,1027.31,,1027.31,,,,,,
128,1027.69,,1027.69,,,,,,
129,1028.01,,1028.01,,,,,,
130,1028.27,,1028.27,,,,,,
131,1028.61,,1028.61,,,,,,
132,1029.39,,1029.39,,,,,,
133,1029.88,,1029.88,,,,,,
134,1030.16,,1030.16,,,,,,
135,1030.32,,1030.32,,,,,,
136,1031.43,,1031.43,,,,,,
137,1031.68,,1031.68,,,,,,
138,1032.02,,1032.02,,,,,,
139,1034.37,,1034.37,,,,,,
140,1034.63,,1034.63,,,,,,
141,1034.88,,1034.88,,,,,,
142,1035.22,,1035.22,,,,,,
143,1035.48,,1035.48,,,,,,
144,1035.93,,1035.93,,,,,,
145,1036.19,,1036.19,,,,,,
146,1037.01,,1037.01,,,,,,
147,1037.35,,1037.35,,,,,,
148,1039.08,,1039.08,,,,,,
149,1040.2,,1040.2,,,,,,
150,1040.53,,1040.53,,,,,,
151,1040.87,,1040.87,,,,,,
152,1041.86,,1041.86,,,,,,
153,1043.35,,1043.35,,,,,,
154,1043.68,,1043.68,,,,,,
155,1044.23,,1044.23,,,,,,
156,1044.58,,1044.58,,,,,,
157,1044.83,,1044.83,,,,,,
158,1045.11,,1045.11,,,,,,
159,1045.57,,1045.57,,,,,,
160,1045.73,,1045.73,,,,,,
161,1046.36,,1046.36,,,,,,
162,1046.6,,1046.6,,,,,,
163,1046.85,,1046.85,,,,,,
164,1047.03,,1047.03,,,,,,
165,1047.35,,1047.35,,,,,,
166,1047.56,,1047.56,,,,,,
167,1047.92,,1047.92,,,,,,
168,1048.24,,1048.24,,,,,,
169,1048.24,,,,1048.24,,,,
170,1064.84,,1064.84,,,,,,
171,1065.1,,1065.1,,,,,,
172,1065.58,,1065.58,,,,,,
173,1066.04,,1066.04,,,,,,
174,1066.35,,1066.35,,,,,,
175,1067.32,,1067.32,,,,,,
176,1067.99,,1067.99,,,,,,
177,1068.39,,1068.39,,,,,,
178,1070.06,,1070.06,,,,,,
179,1070.32,,1070.32,,,,,,
180,1070.59,,1070.59,,,,,,
181,1070.92,,1070.92,,,,,,
182,1071.31,,1071.31,,,,,,
183,1071.91,,1071.91,,,,,,
184,1073.99,,1073.99,,,,,,
185,1074.54,,1074.54,,,,,,
186,1074.83,,1074.83,,,,,,
187,1075.13,,1075.13,,,,,,
188,1075.51,,1075.51,,,,,,
189,1078.0,,1078.0,,,,,,
190,1078.36,,1078.36,,,,,,
191,1079.42,,1079.42,,,,,,
192,1079.65,,1079.65,,,,,,
193,1080.19,,1080.19,,,,,,
194,1080.59,1080.59,,,,,,,
195,1080.67,1080.67,,,,,,,
196,1081.14,1081.14,,,,,,,
197,1081.37,1081.37,,,,,,,
198,1081.95,1081.95,,,,,,,
199,1082.32,1082.32,,,,,,,
200,1083.18,1083.18,,,,,,,
201,1083.59,1083.59,,,,,,,
202,1084.21,1084.21,,,,,,,
203,1084.41,1084.41,,,,,,,
204,1084.62,1084.62,,,,,,,
205,1086.14,1086.14,,,,,,,
206,1086.47,1086.47,,,,,,,
207,1086.75,1086.75,,,,,,,
208,1087.02,1087.02,,,,,,,
209,1087.48,1087.48,,,,,,,
210,1087.91,1087.91,,,,,,,
211,1088.67,1088.67,,,,,,,
212,1089.07,1089.07,,,,,,,
213,1090.22,1090.22,,,,,,,
214,1091.06,1091.06,,,,,,,
215,1091.56,1091.56,,,,,,,
216,1091.87,1091.87,,,,,,,
217,1092.09,1092.09,,,,,,,
218,1092.37,1092.37,,,,,,,
219,1092.96,1092.96,,,,,,,
220,1092.96,,,1092.96,,,,,
221,1101.11,1101.11,,,,,,,
222,1101.45,1101.45,,,,,,,
223,1101.79,1101.79,,,,,,,
224,1102.52,1102.52,,,,,,,
225,1102.7,1102.7,,,,,,,
226,1103.23,1103.23,,,,,,,
227,1103.56,1103.56,,,,,,,
228,1104.44,1104.44,,,,,,,
229,1104.88,1104.88,,,,,,,
230,1105.29,1105.29,,,,,,,
231,1105.54,1105.54,,,,,,,
232,1105.73,1105.73,,,,,,,
233,1106.0,1106.0,,,,,,,
234,1106.24,1106.24,,,,,,,
235,1106.45,1106.45,,,,,,,
236,1106.92,1106.92,,,,,,,
237,1108.1,1108.1,,,,,,,
238,1108.34,1108.34,,,,,,,
239,1108.94,1108.94,,,,,,,
240,1109.33,1109.33,,,,,,,
241,1110.9,1110.9,,,,,,,
242,1111.05,1111.05,,,,,,,
243,1111.74,1111.74,,,,,,,
244,1112.22,1112.22,,,,,,,
245,1112.66,1112.66,,,,,,,
246,1112.66,,,1112.66,,,,,
247,1118.72,1118.72,,,,,,,
248,1119.27,1119.27,,,,,,,
249,1119.74,1119.74,,,,,,,
250,1120.07,1120.07,,,,,,,
251,1120.36,1120.36,,,,,,,
252,1120.77,1120.77,,,,,,,
253,1120.97,1120.97,,,,,,,
254,1121.31,1121.31,,,,,,,
255,1122.29,1122.29,,,,,,,
256,1122.51,1122.51,,,,,,,
257,1122.97,1122.97,,,,,,,
258,1123.16,1123.16,,,,,,,
259,1123.38,1123.38,,,,,,,
260,1123.63,1123.63,,,,,,,
261,1124.67,1124.67,,,,,,,
262,1125.3,1125.3,,,,,,,
263,1125.59,1125.59,,,,,,,
264,1125.99,1125.99,,,,,,,
265,1126.98,1126.98,,,,,,,
266,1127.55,1127.55,,,,,,,
267,1127.89,1127.89,,,,,,,
268,1128.73,1128.73,,,,,,,
269,1129.82,1129.82,,,,,,,
270,1130.56,1130.56,,,,,,,
271,1130.99,1130.99,,,,,,,
272,1130.99,,,1130.99,,,,,
273,1137.31,1137.31,,,,,,,
274,1137.54,1137.54,,,,,,,
275,1137.88,1137.88,,,,,,,
276,1138.1,1138.1,,,,,,,
277,1138.62,1138.62,,,,,,,
278,1139.05,1139.05,,,,,,,
279,1139.7,1139.7,,,,,,,
280,1140.36,1140.36,,,,,,,
281,1140.71,1140.71,,,,,,,
282,1141.36,1141.36,,,,,,,
283,1142.35,1142.35,,,,,,,
284,1142.87,1142.87,,,,,,,
285,1143.21,1143.21,,,,,,,
286,1143.42,1143.42,,,,,,,
287,1143.71,1143.71,,,,,,,
288,1144.95,1144.95,,,,,,,
289,1145.19,1145.19,,,,,,,
290,1145.43,1145.43,,,,,,,
291,1145.88,1145.88,,,,,,,
292,1146.38,1146.38,,,,,,,
293,1147.48,1147.48,,,,,,,
294,1147.78,1147.78,,,,,,,
295,1148.33,1148.33,,,,,,,
296,1148.62,1148.62,,,,,,,
297,1149.03,1149.03,,,,,,,
298,1149.03,,,1149.03,,,,,
299,1154.65,1154.65,,,,,,,
300,1154.81,1154.81,,,,,,,
301,1155.02,1155.02,,,,,,,
302,1155.21,1155.21,,,,,,,
303,1155.65,1155.65,,,,,,,
304,1156.32,1156.32,,,,,,,
305,1157.54,1157.54,,,,,,,
306,1157.82,1157.82,,,,,,,
307,1159.36,1159.36,,,,,,,
308,1159.75,1159.75,,,,,,,
309,1159.99,1159.99,,,,,,,
310,1160.28,1160.28,,,,,,,
311,1160.48,1160.48,,,,,,,
312,1160.75,1160.75,,,,,,,
313,1161.07,1161.07,,,,,,,
314,1161.36,1161.36,,,,,,,
315,1161.97,1161.97,,,,,,,
316,1162.49,1162.49,,,,,,,
317,1162.78,1162.78,,,,,,,
318,1163.28,1163.28,,,,,,,
319,1164.81,1164.81,,,,,,,
320,1165.06,1165.06,,,,,,,
321,1165.36,1165.36,,,,,,,
322,1165.83,1165.83,,,,,,,
323,1166.25,1166.25,,,,,,,
324,1166.25,,,1166.25,,,,,
325,1172.15,1172.15,,,,,,,
326,1172.33,1172.33,,,,,,,
327,1172.65,1172.65,,,,,,,
328,1172.92,1172.92,,,,,,,
329,1173.44,1173.44,,,,,,,
330,1174.26,1174.26,,,,,,,
331,1174.46,1174.46,,,,,,,
332,1174.74,1174.74,,,,,,,
333,1175.14,1175.14,,,,,,,
334,1175.38,1175.38,,,,,,,
335,1176.34,1176.34,,,,,,,
336,1176.92,1176.92,,,,,,,
337,1177.2,1177.2,,,,,,,
338,1177.41,1177.41,,,,,,,
339,1177.61,1177.61,,,,,,,
340,1178.11,1178.11,,,,,,,
341,1178.35,1178.35,,,,,,,
342,1178.75,1178.75,,,,,,,
343,1179.23,1179.23,,,,,,,
344,1179.92,1179.92,,,,,,,
345,1180.41,1180.41,,,,,,,
346,1181.03,1181.03,,,,,,,
347,1181.35,1181.35,,,,,,,
348,1181.74,1181.74,,,,,,,
349,1182.35,1182.35,,,,,,,
350,1182.35,,,1182.35,,,,,
351,1188.37,1188.37,,,,,,,
352,1188.69,1188.69,,,,,,,
353,1189.09,1189.09,,,,,,,
354,1189.36,1189.36,,,,,,,
355,1189.77,1189.77,,,,,,,
356,1190.05,1190.05,,,,,,,
357,1190.59,1190.59,,,,,,,
358,1191.43,1191.43,,,,,,,
359,1193.79,1193.79,,,,,,,
360,1194.19,1194.19,,,,,,,
361,1194.48,1194.48,,,,,,,
362,1194.85,1194.85,,,,,,,
363,1195.06,1195.06,,,,,,,
364,1195.3,1195.3,,,,,,,
365,1195.53,1195.53,,,,,,,
366,1195.89,1195.89,,,,,,,
367,1196.52,1196.52,,,,,,,
368,1197.41,1197.41,,,,,,,
369,1197.61,1197.61,,,,,,,
370,1198.13,1198.13,,,,,,,
371,1198.4,1198.4,,,,,,,
372,1198.88,1198.88,,,,,,,
373,1201.62,1201.62,,,,,,,
374,1201.99,1201.99,,,,,,,
375,1202.31,1202.31,,,,,,,
376,1202.31,,,1202.31,,,,,
377,1212.55,1212.55,,,,,,,
378,1212.98,1212.98,,,,,,,
379,1213.39,1213.39,,,,,,,
380,1213.78,1213.78,,,,,,,
381,1214.39,1214.39,,,,,,,
382,1214.65,1214.65,,,,,,,
383,1214.88,1214.88,,,,,,,
384,1215.31,1215.31,,,,,,,
385,1215.74,1215.74,,,,,,,
386,1216.09,1216.09,,,,,,,
387,1216.68,1216.68,,,,,,,
388,1217.08,1217.08,,,,,,,
389,1217.37,1217.37,,,,,,,
390,1217.57,1217.57,,,,,,,
391,1217.78,1217.78,,,,,,,
392,1218.18,1218.18,,,,,,,
393,1218.56,1218.56,,,,,,,
394,1219.03,1219.03,,,,,,,
395,1219.59,1219.59,,,,,,,
396,1220.75,1220.75,,,,,,,
397,1221.03,1221.03,,,,,,,
398,1221.5,1221.5,,,,,,,
399,1221.86,1221.86,,,,,,,
400,1222.1,1222.1,,,,,,,
401,1222.77,1222.77,,,,,,,
402,1222.77,,,1222.77,,,,,
403,1227.8,1227.8,,,,,,,
404,1228.15,1228.15,,,,,,,
405,1228.36,1228.36,,,,,,,
406,1228.58,1228.58,,,,,,,
407,1228.97,1228.97,,,,,,,
408,1229.5,1229.5,,,,,,,
409,1230.04,1230.04,,,,,,,
410,1230.56,1230.56,,,,,,,
411,1230.79,1230.79,,,,,,,
412,1231.31,1231.31,,,,,,,
413,1231.81,1231.81,,,,,,,
414,1232.77,1232.77,,,,,,,
415,1233.31,1233.31,,,,,,,
416,1233.54,1233.54,,,,,,,
417,1233.75,1233.75,,,,,,,
418,1233.93,1233.93,,,,,,,
419,1234.35,1234.35,,,,,,,
420,1234.89,1234.89,,,,,,,
421,1235.6,1235.6,,,,,,,
422,1236.39,1236.39,,,,,,,
423,1237.8,1237.8,,,,,,,
424,1238.18,1238.18,,,,,,,
425,1238.83,1238.83,,,,,,,
426,1240.1,1240.1,,,,,,,
427,1240.94,1240.94,,,,,,,
428,1240.94,,,1240.94,,,,,
429,1247.03,1247.03,,,,,,,
430,1247.25,1247.25,,,,,,,
431,1247.59,1247.59,,,,,,,
432,1247.88,1247.88,,,,,,,
433,1248.36,1248.36,,,,,,,
434,1248.94,1248.94,,,,,,,
435,1249.34,1249.34,,,,,,,
436,1249.85,1249.85,,,,,,,
437,1250.14,1250.14,,,,,,,
438,1250.76,1250.76,,,,,,,
439,1252.39,1252.39,,,,,,,
440,1252.62,1252.62,,,,,,,
441,1252.81,1252.81,,,,,,,
442,1253.17,1253.17,,,,,,,
443,1254.02,1254.02,,,,,,,
444,1254.17,1254.17,,,,,,,
445,1254.61,1254.61,,,,,,,
446,1254.97,1254.97,,,,,,,
447,1255.42,1255.42,,,,,,,
448,1256.15,1256.15,,,,,,,
449,1256.96,1256.96,,,,,,,
450,1257.84,1257.84,,,,,,,
451,1258.24,1258.24,,,,,,,
452,1258.88,1258.88,,,,,,,
453,1260.25,1260.25,,,,,,,
454,1260.25,,,1260.25,,,,,
455,1260.69,,1260.69,,,,,,
456,1270.98,,1270.98,,,,,,
457,1271.14,,1271.14,,,,,,
458,1271.6,,1271.6,,,,,,
459,1272.02,,1272.02,,,,,,
460,1272.64,,1272.64,,,,,,
461,1273.74,,1273.74,,,,,,
462,1275.7,,1275.7,,,,,,
463,1276.43,,1276.43,,,,,,
464,1276.75,,1276.75,,,,,,
465,1276.98,,1276.98,,,,,,
466,1277.21,,1277.21,,,,,,
467,1277.6,,1277.6,,,,,,
468,1278.75,,1278.75,,,,,,
469,1279.0,,1279.0,,,,,,
470,1279.64,,1279.64,,,,,,
471,1280.06,,1280.06,,,,,,
472,1280.38,,1280.38,,,,,,
473,1280.97,,1280.97,,,,,,
474,1282.01,,1282.01,,,,,,
475,1283.02,,1283.02,,,,,,
476,1286.02,,1286.02,,,,,,
477,1286.63,,1286.63,,,,,,
478,1286.88,,1286.88,,,,,,
479,1287.34,,1287.34,,,,,,
480,1288.05,,1288.05,,,,,,
481,1288.53,,1288.53,,,,,,
482,1289.27,,1289.27,,,,,,
483,1289.7,,1289.7,,,,,,
484,1289.86,,1289.86,,,,,,
485,1290.51,,1290.51,,,,,,
486,1292.52,,1292.52,,,,,,
487,1292.82,,1292.82,,,,,,
488,1293.02,,1293.02,,,,,,
489,1293.17,,1293.17,,,,,,
490,1293.56,,1293.56,,,,,,
491,1294.58,,1294.58,,,,,,
492,1295.87,,1295.87,,,,,,
493,1296.18,,1296.18,,,,,,
494,1296.92,,1296.92,,,,,,
495,1298.21,,1298.21,,,,,,
496,1298.5,,1298.5,,,,,,
497,1298.8,,1298.8,,,,,,
498,1298.98,,1298.98,,,,,,
499,1299.85,,1299.85,,,,,,
500,1301.91,,1301.91,,,,,,
501,1302.19,,1302.19,,,,,,
502,1302.44,,1302.44,,,,,,
503,1302.74,,1302.74,,,,,,
504,1303.0,,1303.0,,,,,,
505,1303.43,,1303.43,,,,,,
506,1304.44,,1304.44,,,,,,
507,1305.43,,1305.43,,,,,,
508,1305.89,,1305.89,,,,,,
509,1306.47,,1306.47,,,,,,
510,1307.28,,1307.28,,,,,,
511,1307.66,,1307.66,,,,,,
512,1309.22,,1309.22,,,,,,
513,1309.91,,1309.91,,,,,,
514,1310.22,,1310.22,,,,,,
515,1310.59,,1310.59,,,,,,
516,1311.04,,1311.04,,,,,,
517,1311.27,,1311.27,,,,,,
518,1311.62,,1311.62,,,,,,
519,1312.22,,1312.22,,,,,,
520,1312.75,,1312.75,,,,,,
521,1313.66,,1313.66,,,,,,
522,1313.79,,1313.79,,,,,,
523,1314.18,,1314.18,,,,,,
524,1314.63,,1314.63,,,,,,
525,1314.78,,1314.78,,,,,,
526,1314.98,,1314.98,,,,,,
527,1315.21,,1315.21,,,,,,
528,1315.43,,1315.43,,,,,,
529,1316.7,,1316.7,,,,,,
530,1317.08,,1317.08,,,,,,
531,1317.45,,1317.45,,,,,,
532,1317.66,,1317.66,,,,,,
533,1318.0,,1318.0,,,,,,
534,1318.51,,1318.51,,,,,,
535,1318.71,,1318.71,,,,,,
536,1319.07,,1319.07,,,,,,
537,1319.33,,1319.33,,,,,,
538,1319.85,,1319.85,,,,,,
539,1320.38,,1320.38,,,,,,
540,1320.67,,1320.67,,,,,,
541,1320.98,,1320.98,,,,,,
542,1321.11,,1321.11,,,,,,
543,1321.45,,1321.45,,,,,,
544,1321.76,,1321.76,,,,,,
545,1321.98,,1321.98,,,,,,
546,1322.3,,1322.3,,,,,,
547,1322.98,,1322.98,,,,,,
548,1323.9,,1323.9,,,,,,
549,1324.24,,1324.24,,,,,,
550,1324.57,,1324.57,,,,,,
551,1324.81,,1324.81,,,,,,
552,1325.1,,1325.1,,,,,,
553,1325.65,,1325.65,,,,,,
554,1326.15,,1326.15,,,,,,
555,1326.42,,1326.42,,,,,,
556,1326.42,,,,1326.42,,,,
557,1373.59,,1373.59,,,,,,
558,1373.86,,1373.86,,,,,,
559,1374.5,,1374.5,,,,,,
560,1374.94,,1374.94,,,,,,
561,1375.67,,1375.67,,,,,,
562,1375.9,,1375.9,,,,,,
563,1376.46,,1376.46,,,,,,
564,1378.07,,1378.07,,,,,,
565,1378.71,,1378.71,,,,,,
566,1379.5,,1379.5,,,,,,
567,1380.84,,1380.84,,,,,,
568,1382.35,,1382.35,,,,,,
569,1382.82,,1382.82,,,,,,
570,1383.21,,1383.21,,,,,,
571,1383.5,,1383.5,,,,,,
572,1383.97,,1383.97,,,,,,
573,1384.21,,1384.21,,,,,,
574,1384.65,,1384.65,,,,,,
575,1384.96,,1384.96,,,,,,
576,1385.21,,1385.21,,,,,,
577,1385.59,,1385.59,,,,,,
578,1385.93,,1385.93,,,,,,
579,1386.37,,1386.37,,,,,,
580,1386.81,,1386.81,,,,,,
581,1386.96,,1386.96,,,,,,
582,1387.18,,1387.18,,,,,,
583,1390.11,,1390.11,,,,,,
584,1390.37,,1390.37,,,,,,
585,1390.6,,1390.6,,,,,,
586,1391.09,,1391.09,,,,,,
587,1391.63,,1391.63,,,,,,
588,1391.92,,1391.92,,,,,,
589,1392.47,,1392.47,,,,,,
590,1392.92,,1392.92,,,,,,
591,1394.5,,1394.5,,,,,,
592,1394.78,,1394.78,,,,,,
593,1395.34,,1395.34,,,,,,
594,1395.59,,1395.59,,,,,,
595,1395.92,,1395.92,,,,,,
596,1396.31,,1396.31,,,,,,
597,1396.67,,1396.67,,,,,,
598,1397.17,,1397.17,,,,,,
599,1397.76,,1397.76,,,,,,
600,1398.05,,1398.05,,,,,,
0,1398.63,,1398.63,,,,,,
1,1399.37,,1399.37,,,,,,
2,1399.63,,1399.63,,,,,,
3,1399.98,,1399.98,,,,,,
4,1400.31,,1400.31,,,,,,
5,1401.65,,1401.65,,,,,,
6,1401.88,,1401.88,,,,,,
7,1402.08,,1402.08,,,,,,
8,1402.45,,1402.45,,,,,,
9,1403.62,,1403.62,,,,,,
10,1403.95,,1403.95,,,,,,
11,1404.54,,1404.54,,,,,,
12,1404.86,,1404.86,,,,,,
13,1405.21,,1405.21,,,,,,
14,1405.82,,1405.82,,,,,,
15,1406.92,,1406.92,,,,,,
16,1407.85,,1407.85,,,,,,
17,1408.13,,1408.13,,,,,,
18,1408.56,,1408.56,,,,,,
19,1408.9,,1408.9,,,,,,
20,1409.32,,1409.32,,,,,,
21,1409.52,,1409.52,,,,,,
22,1409.82,,1409.82,,,,,,
23,1410.09,,1410.09,,,,,,
24,1410.55,,1410.55,,,,,,
25,1410.82,,1410.82,,,,,,
26,1411.07,,1411.07,,,,,,
27,1411.53,,1411.53,,,,,,
28,1412.13,,1412.13,,,,,,
29,1412.68,,1412.68,,,,,,
30,1412.97,,1412.97,,,,,,
31,1413.22,,1413.22,,,,,,
32,1413.47,,1413.47,,,,,,
33,1413.73,,1413.73,,,,,,
34,1414.06,,1414.06,,,,,,
35,1414.52,,1414.52,,,,,,
36,1415.46,,1415.46,,,,,,
37,1415.66,,1415.66,,,,,,
38,1415.99,,1415.99,,,,,,
39,1416.79,,1416.79,,,,,,
40,1417.56,,1417.56,,,,,,
41,1417.93,,1417.93,,,,,,
42,1418.13,,1418.13,,,,,,
43,1418.44,,1418.44,,,,,,
44,1418.68,,1418.68,,,,,,
45,1419.3,,1419.3,,,,,,
46,1419.55,,1419.55,,,,,,
47,1419.73,,1419.73,,,,,,
48,1420.17,,1420.17,,,,,,
49,1420.43,,1420.43,,,,,,
50,1421.88,,1421.88,,,,,,
51,1423.29,,1423.29,,,,,,
52,1423.58,,1423.58,,,,,,
53,1423.82,,1423.82,,,,,,
54,1424.15,,1424.15,,,,,,
55,1424.52,,1424.52,,,,,,
56,1424.52,,,,1424.52,,,,
57,1431.4,,1431.4,,,,,,
58,1431.59,,1431.59,,,,,,
59,1431.98,,1431.98,,,,,,
60,1432.37,,1432.37,,,,,,
61,1433.05,,1433.05,,,,,,
62,1433.74,,1433.74,,,,,,
63,1434.44,,1434.44,,,,,,
64,1434.81,,1434.81,,,,,,
65,1436.12,,1436.12,,,,,,
66,1436.44,,1436.44,,,,,,
67,1436.75,,1436.75,,,,,,
68,1436.98,,1436.98,,,,,,
69,1437.26,,1437.26,,,,,,
70,1437.58,,1437.58,,,,,,
71,1437.98,,1437.98,,,,,,
72,1438.59,,1438.59,,,,,,
73,1439.66,,1439.66,,,,,,
74,1439.95,,1439.95,,,,,,
75,1440.23,,1440.23,,,,,,
76,1440.6,,1440.6,,,,,,
77,1440.79,1440.79,,,,,,,
78,1440.95,1440.95,,,,,,,
79,1441.2,1441.2,,,,,,,
80,1441.66,1441.66,,,,,,,
81,1442.2,1442.2,,,,,,,
82,1442.7,1442.7,,,,,,,
83,1443.09,1443.09,,,,,,,
84,1443.32,1443.32,,,,,,,
85,1443.65,1443.65,,,,,,,
86,1444.02,1444.02,,,,,,,
87,1444.3,1444.3,,,,,,,
88,1444.78,1444.78,,,,,,,
89,1445.82,1445.82,,,,,,,
90,1446.04,1446.04,,,,,,,
91,1446.72,1446.72,,,,,,,
92,1447.58,1447.58,,,,,,,
93,1447.77,1447.77,,,,,,,
94,1448.08,1448.08,,,,,,,
95,1448.54,1448.54,,,,,,,
96,1448.96,1448.96,,,,,,,
97,1449.57,1449.57,,,,,,,
98,1450.25,1450.25,,,,,,,
99,1451.27,1451.27,,,,,,,
100,1451.43,1451.43,,,,,,,
101,1451.9,1451.9,,,,,,,
102,1452.21,1452.21,,,,,,,
103,1452.21,,,1452.21,,,,,
104,1470.08,1470.08,,,,,,,
105,1470.57,1470.57,,,,,,,
106,1471.05,1471.05,,,,,,,
107,1471.34,1471.34,,,,,,,
108,1472.42,1472.42,,,,,,,
109,1472.73,1472.73,,,,,,,
110,1472.89,1472.89,,,,,,,
111,1473.69,1473.69,,,,,,,
112,1474.04,1474.04,,,,,,,
113,1474.2,1474.2,,,,,,,
114,1474.67,1474.67,,,,,,,
115,1474.88,1474.88,,,,,,,
116,1475.07,1475.07,,,,,,,
117,1475.27,1475.27,,,,,,,
118,1475.73,1475.73,,,,,,,
119,1476.21,1476.21,,,,,,,
120,1476.99,1476.99,,,,,,,
121,1477.34,1477.34,,,,,,,
122,1477.7,1477.7,,,,,,,
123,1478.33,1478.33,,,,,,,
124,1478.99,1478.99,,,,,,,
125,1479.31,1479.31,,,,,,,
126,1479.63,1479.63,,,,,,,
127,1479.86,1479.86,,,,,,,
128,1480.1,1480.1,,,,,,,
129,1480.1,,,1480.1,,,,,
130,1487.12,1487.12,,,,,,,
131,1488.0,1488.0,,,,,,,
132,1488.17,1488.17,,,,,,,
133,1488.58,1488.58,,,,,,,
134,1488.99,1488.99,,,,,,,
135,1489.48,1489.48,,,,,,,
136,1489.91,1489.91,,,,,,,
137,1490.37,1490.37,,,,,,,
138,1490.61,1490.61,,,,,,,
139,1490.9,1490.9,,,,,,,
140,1491.32,1491.32,,,,,,,
141,1492.46,1492.46,,,,,,,
142,1492.78,1492.78,,,,,,,
143,1493.01,1493.01,,,,,,,
144,1493.18,1493.18,,,,,,,
145,1493.37,1493.37,,,,,,,
146,1493.64,1493.64,,,,,,,
147,1493.84,1493.84,,,,,,,
148,1495.29,1495.29,,,,,,,
149,1495.46,1495.46,,,,,,,
150,1495.71,1495.71,,,,,,,
151,1496.2,1496.2,,,,,,,
152,1496.68,1496.68,,,,,,,
153,1497.9,1497.9,,,,,,,
154,1498.11,1498.11,,,,,,,
155,1498.11,,,1498.11,,,,,
156,1503.15,1503.15,,,,,,,
157,1503.33,1503.33,,,,,,,
158,1503.53,1503.53,,,,,,,
159,1503.74,1503.74,,,,,,,
160,1504.0,1504.0,,,,,,,
161,1504.47,1504.47,,,,,,,
162,1504.92,1504.92,,,,,,,
163,1505.47,1505.47,,,,,,,
164,1505.75,1505.75,,,,,,,
165,1508.54,1508.54,,,,,,,
166,1508.76,1508.76,,,,,,,
167,1508.99,1508.99,,,,,,,
168,1509.39,1509.39,,,,,,,
169,1510.2,1510.2,,,,,,,
170,1510.93,1510.93,,,,,,,
171,1511.22,1511.22,,,,,,,
172,1511.57,1511.57,,,,,,,
173,1511.99,1511.99,,,,,,,
174,1512.37,1512.37,,,,,,,
175,1512.99,1512.99,,,,,,,
176,1514.05,1514.05,,,,,,,
177,1515.0,1515.0,,,,,,,
178,1515.48,1515.48,,,,,,,
179,1516.05,1516.05,,,,,,,
180,1516.58,1516.58,,,,,,,
181,1516.58,,,1516.58,,,,,
182,1522.6,1522.6,,,,,,,
183,1522.93,1522.93,,,,,,,
184,1523.21,1523.21,,,,,,,
185,1523.64,1523.64,,,,,,,
186,1524.28,1524.28,,,,,,,
187,1525.13,1525.13,,,,,,,
188,1525.31,1525.31,,,,,,,
189,1525.83,1525.83,,,,,,,
190,1527.72,1527.72,,,,,,,
191,1527.89,1527.89,,,,,,,
192,1528.67,1528.67,,,,,,,
193,1528.97,1528.97,,,,,,,
194,1529.35,1529.35,,,,,,,
195,1529.68,1529.68,,,,,,,
196,1530.25,1530.25,,,,,,,
197,1531.52,1531.52,,,,,,,
198,1531.76,1531.76,,,,,,,
199,1532.18,1532.18,,,,,,,
200,1532.42,1532.42,,,,,,,
201,1533.43,1533.43,,,,,,,
202,1533.67,1533.67,,,,,,,
203,1533.97,1533.97,,,,,,,
204,1534.31,1534.31,,,,,,,
205,1534.75,1534.75,,,,,,,
206,1535.42,1535.42,,,,,,,
207,1535.42,,,1535.42,,,,,
208,1540.27,1540.27,,,,,,,
209,1540.44,1540.44,,,,,,,
210,1540.66,1540.66,,,,,,,
211,1541.12,1541.12,,,,,,,
212,1541.57,1541.57,,,,,,,
213,1542.14,1542.14,,,,,,,
214,1542.66,1542.66,,,,,,,
215,1542.97,1542.97,,,,,,,
216,1543.44,1543.44,,,,,,,
217,1544.4,1544.4,,,,,,,
218,1545.09,1545.09,,,,,,,
219,1545.29,1545.29,,,,,,,
220,1545.53,1545.53,,,,,,,
221,1545.78,1545.78,,,,,,,
222,1546.45,1546.45,,,,,,,
223,1546.91,1546.91,,,,,,,
224,1548.42,1548.42,,,,,,,
225,1549.26,1549.26,,,,,,,
226,1549.67,1549.67,,,,,,,
227,1550.14,1550.14,,,,,,,
228,1550.75,1550.75,,,,,,,
229,1552.46,1552.46,,,,,,,
230,1553.5,1553.5,,,,,,,
231,1553.92,1553.92,,,,,,,
232,1554.42,1554.42,,,,,,,
233,1554.42,,,1554.42,,,,,
234,1560.77,1560.77,,,,,,,
235,1561.12,1561.12,,,,,,,
236,1561.54,1561.54,,,,,,,
237,1562.0,1562.0,,,,,,,
238,1562.53,1562.53,,,,,,,
239,1563.32,1563.32,,,,,,,
240,1563.67,1563.67,,,,,,,
241,1564.22,1564.22,,,,,,,
242,1565.11,1565.11,,,,,,,
243,1565.6,1565.6,,,,,,,
244,1565.81,1565.81,,,,,,,
245,1565.96,1565.96,,,,,,,
246,1566.18,1566.18,,,,,,,
247,1566.39,1566.39,,,,,,,
248,1566.67,1566.67,,,,,,,
249,1566.99,1566.99,,,,,,,
250,1568.05,1568.05,,,,,,,
251,1568.3,1568.3,,,,,,,
252,1569.02,1569.02,,,,,,,
253,1569.39,1569.39,,,,,,,
254,1569.79,1569.79,,,,,,,
255,1570.12,1570.12,,,,,,,
256,1571.7,1571.7,,,,,,,
257,1572.04,1572.04,,,,,,,
258,1572.44,1572.44,,,,,,,
259,1572.44,,,1572.44,,,,,
260,1579.03,1579.03,,,,,,,
261,1579.29,1579.29,,,,,,,
262,1579.54,1579.54,,,,,,,
263,1579.75,1579.75,,,,,,,
264,1580.21,1580.21,,,,,,,
265,1580.51,1580.51,,,,,,,
266,1581.1,1581.1,,,,,,,
267,1581.32,1581.32,,,,,,,
268,1581.97,1581.97,,,,,,,
269,1582.98,1582.98,,,,,,,
270,1583.82,1583.82,,,,,,,
271,1584.09,1584.09,,,,,,,
272,1584.34,1584.34,,,,,,,
273,1584.55,1584.55,,,,,,,
274,1584.82,1584.82,,,,,,,
275,1585.52,1585.52,,,,,,,
276,1587.24,1587.24,,,,,,,
277,1587.96,1587.96,,,,,,,
278,1588.2,1588.2,,,,,,,
279,1588.66,1588.66,,,,,,,
280,1589.0,1589.0,,,,,,,
281,1590.08,1590.08,,,,,,,
282,1590.7,1590.7,,,,,,,
283,1591.07,1591.07,,,,,,,
284,1591.56,1591.56,,,,,,,
285,1591.56,,,1591.56,,,,,
286,1599.01,1599.01,,,,,,,
287,1599.37,1599.37,,,,,,,
288,1599.84,1599.84,,,,,,,
289,1600.24,1600.24,,,,,,,
290,1600.81,1600.81,,,,,,,
291,1601.14,1601.14,,,,,,,
292,1601.51,1601.51,,,,,,,
293,1602.01,1602.01,,,,,,,
294,1602.35,1602.35,,,,,,,
295,1603.53,1603.53,,,,,,,
296,1603.98,1603.98,,,,,,,
297,1604.33,1604.33,,,,,,,
298,1604.54,1604.54,,,,,,,
299,1604.77,1604.77,,,,,,,
300,1605.11,1605.11,,,,,,,
301,1605.62,1605.62,,,,,,,
302,1605.92,1605.92,,,,,,,
303,1606.46,1606.46,,,,,,,
304,1606.78,1606.78,,,,,,,
305,1607.39,1607.39,,,,,,,
306,1607.88,1607.88,,,,,,,
307,1609.03,1609.03,,,,,,,
308,1609.24,1609.24,,,,,,,
309,1609.59,1609.59,,,,,,,
310,1609.95,1609.95,,,,,,,
311,1609.95,,,1609.95,,,,,
312,1615.09,1615.09,,,,,,,
313,1615.29,1615.29,,,,,,,
314,1615.73,1615.73,,,,,,,
315,1616.05,1616.05,,,,,,,
316,1616.6,1616.6,,,,,,,
317,1616.99,1616.99,,,,,,,
318,1617.56,1617.56,,,,,,,
319,1617.89,1617.89,,,,,,,
320,1618.28,1618.28,,,,,,,
321,1619.94,1619.94,,,,,,,
322,1620.14,1620.14,,,,,,,
323,1620.49,1620.49,,,,,,,
324,1620.89,,1620.89,,,,,,
325,1621.57,,1621.57,,,,,,
326,1622.39,,1622.39,,,,,,
327,1622.76,,1622.76,,,,,,
328,1623.34,,1623.34,,,,,,
329,1624.57,,1624.57,,,,,,
330,1625.09,,1625.09,,,,,,
331,1625.41,,1625.41,,,,,,
332,1625.75,,1625.75,,,,,,
333,1626.2,,1626.2,,,,,,
334,1626.63,,1626.63,,,,,,
335,1627.08,,1627.08,,,,,,
336,1628.19,,1628.19,,,,,,
337,1628.78,,1628.78,,,,,,
338,1629.08,,1629.08,,,,,,
339,1629.38,,1629.38,,,,,,
340,1629.75,,1629.75,,,,,,
341,1630.22,,1630.22,,,,,,
342,1631.18,,1631.18,,,,,,
343,1631.89,,1631.89,,,,,,
344,1632.61,,1632.61,,,,,,
345,1633.87,,1633.87,,,,,,
346,1634.73,,1634.73,,,,,,
347,1635.2,,1635.2,,,,,,
348,1635.39,,1635.39,,,,,,
349,1635.65,,1635.65,,,,,,
350,1636.45,,1636.45,,,,,,
351,1636.72,,1636.72,,,,,,
352,1637.07,,1637.07,,,,,,
353,1637.37,,1637.37,,,,,,
354,1638.01,,1638.01,,,,,,
355,1638.84,,1638.84,,,,,,
356,1639.11,,1639.11,,,,,,
357,1639.25,,1639.25,,,,,,
358,1639.54,,1639.54,,,,,,
359,1639.87,,1639.87,,,,,,
360,1640.18,,1640.18,,,,,,
361,1640.42,,1640.42,,,,,,
362,1640.61,,1640.61,,,,,,
363,1641.58,,1641.58,,,,,,
364,1642.5,,1642.5,,,,,,
365,1642.66,,1642.66,,,,,,
366,1643.08,,1643.08,,,,,,
367,1644.86,,1644.86,,,,,,
368,1646.71,,1646.71,,,,,,
369,1647.7,,1647.7,,,,,,
370,1647.95,,1647.95,,,,,,
371,1648.86,,1648.86,,,,,,
372,1649.3,,1649.3,,,,,,
373,1649.51,,1649.51,,,,,,
374,1650.0,,1650.0,,,,,,
375,1650.54,,1650.54,,,,,,
376,1650.74,,1650.74,,,,,,
377,1651.02,,1651.02,,,,,,
378,1652.18,,1652.18,,,,,,
379,1652.44,,1652.44,,,,,,
380,1652.83,,1652.83,,,,,,
381,1653.08,,1653.08,,,,,,
382,1653.29,,1653.29,,,,,,
383,1653.56,,1653.56,,,,,,
384,1654.55,,1654.55,,,,,,
385,1654.82,,1654.82,,,,,,
386,1655.11,,1655.11,,,,,,
387,1655.76,,1655.76,,,,,,
388,1656.12,,1656.12,,,,,,
389,1656.88,,1656.88,,,,,,
390,1659.99,,1659.99,,,,,,
391,1660.3,,1660.3,,,,,,
392,1660.89,,1660.89,,,,,,
393,1661.12,,1661.12,,,,,,
394,1661.61,,1661.61,,,,,,
395,1662.14,,1662.14,,,,,,
396,1662.75,,1662.75,,,,,,
397,1662.94,,1662.94,,,,,,
398,1663.26,,1663.26,,,,,,
399,1663.74,,1663.74,,,,,,
400,1666.2,,1666.2,,,,,,
401,1666.54,,1666.54,,,,,,
402,1666.75,,1666.75,,,,,,
403,1667.24,,1667.24,,,,,,
404,1668.03,,1668.03,,,,,,
405,1668.59,,1668.59,,,,,,
406,1669.0,,1669.0,,,,,,
407,1669.22,,1669.22,,,,,,
408,1669.67,,1669.67,,,,,,
409,1669.88,,1669.88,,,,,,
410,1670.96,,1670.96,,,,,,
411,1671.61,,1671.61,,,,,,
412,1671.86,,1671.86,,,,,,
413,1672.0,,1672.0,,,,,,
414,1672.28,,1672.28,,,,,,
415,1672.61,,1672.61,,,,,,
416,1673.29,,1673.29,,,,,,
417,1673.6,,1673.6,,,,,,
418,1674.21,,1674.21,,,,,,
419,1674.4,,1674.4,,,,,,
420,1674.85,,1674.85,,,,,,
421,1675.15,,1675.15,,,,,,
422,1675.6,,1675.6,,,,,,
423,1675.99,,1675.99,,,,,,
424,1676.26,,1676.26,,,,,,
425,1676.26,,,,1676.26,,,,
426,1689.96,,1689.96,,,,,,
427,1690.28,,1690.28,,,,,,
428,1690.81,,1690.81,,,,,,
429,1691.6,,1691.6,,,,,,
430,1692.9,,1692.9,,,,,,
431,1693.1,,1693.1,,,,,,
432,1694.25,,1694.25,,,,,,
433,1694.67,,1694.67,,,,,,
434,1695.32,,1695.32,,,,,,
435,1695.57,,1695.57,,,,,,
436,1697.17,,1697.17,,,,,,
437,1697.88,,1697.88,,,,,,
438,1698.37,,1698.37,,,,,,
439,1698.68,,1698.68,,,,,,
440,1698.97,,1698.97,,,,,,
441,1699.46,,1699.46,,,,,,
442,1700.82,,1700.82,,,,,,
443,1701.06,,1701.06,,,,,,
444,1701.46,,1701.46,,,,,,
445,1701.89,,1701.89,,,,,,
446,1702.31,,1702.31,,,,,,
447,1702.7,,1702.7,,,,,,
448,1702.96,,1702.96,,,,,,
449,1703.41,,1703.41,,,,,,
450,1703.87,,1703.87,,,,,,
451,1704.38,,1704.38,,,,,,
452,1704.63,,1704.63,,,,,,
453,1705.07,,1705.07,,,,,,
454,1705.35,,1705.35,,,,,,
455,1705.56,,1705.56,,,,,,
456,1705.83,,1705.83,,,,,,
457,1705.98,,1705.98,,,,,,
458,1706.16,,1706.16,,,,,,
459,1706.42,,1706.42,,,,,,
460,1706.84,,1706.84,,,,,,
461,1707.21,,1707.21,,,,,,
462,1707.6,,1707.6,,,,,,
463,1707.94,,1707.94,,,,,,
464,1708.27,,1708.27,,,,,,
465,1708.53,,1708.53,,,,,,
466,1708.82,,1708.82,,,,,,
467,1709.1,,1709.1,,,,,,
468,1709.46,,1709.46,,,,,,
469,1709.84,,1709.84,,,,,,
470,1710.17,,1710.17,,,,,,
471,1710.44,,1710.44,,,,,,
472,1711.73,,1711.73,,,,,,
473,1712.41,,1712.41,,,,,,
474,1712.93,,1712.93,,,,,,
475,1713.21,,1713.21,,,,,,
476,1713.45,,1713.45,,,,,,
477,1713.72,,1713.72,,,,,,
478,1713.9,,1713.9,,,,,,
479,1714.37,,1714.37,,,,,,
480,1714.86,,1714.86,,,,,,
481,1715.25,,1715.25,,,,,,
482,1720.18,,1720.18,,,,,,
483,1720.39,,1720.39,,,,,,
484,1721.0,,1721.0,,,,,,
485,1721.38,,1721.38,,,,,,
486,1721.83,,1721.83,,,,,,
487,1723.19,,1723.19,,,,,,
488,1723.36,,1723.36,,,,,,
489,1723.62,,1723.62,,,,,,
490,1723.98,,1723.98,,,,,,
491,1724.31,,1724.31,,,,,,
492,1724.61,,1724.61,,,,,,
493,1724.94,,1724.94,,,,,,
494,1725.31,,1725.31,,,,,,
495,1725.99,,1725.99,,,,,,
496,1726.43,,1726.43,,,,,,
497,1726.79,,1726.79,,,,,,
498,1727.38,,1727.38,,,,,,
499,1728.1,,1728.1,,,,,,
500,1729.99,,1729.99,,,,,,
501,1730.19,,1730.19,,,,,,
502,1730.45,,1730.45,,,,,,
503,1730.79,,1730.79,,,,,,
504,1731.19,,1731.19,,,,,,
505,1731.82,,1731.82,,,,,,
506,1732.1,,1732.1,,,,,,
507,1732.54,,1732.54,,,,,,
508,1732.97,,1732.97,,,,,,
509,1733.41,,1733.41,,,,,,
510,1733.99,,1733.99,,,,,,
511,1734.26,,1734.26,,,,,,
512,1734.63,,1734.63,,,,,,
513,1734.96,,1734.96,,,,,,
514,1735.23,,1735.23,,,,,,
515,1735.54,,1735.54,,,,,,
516,1736.01,,1736.01,,,,,,
517,1736.89,,1736.89,,,,,,
518,1737.42,,1737.42,,,,,,
519,1737.89,,1737.89,,,,,,
520,1738.23,,1738.23,,,,,,
521,1738.67,,1738.67,,,,,,
522,1739.17,,1739.17,,,,,,
523,1740.32,,1740.32,,,,,,
524,1740.85,,1740.85,,,,,,
525,1741.4,,1741.4,,,,,,
526,1741.4,,,,1741.4,,,,
527,1752.21,,1752.21,,,,,,
528,1752.42,,1752.42,,,,,,
529,1752.92,,1752.92,,,,,,
530,1753.54,,1753.54,,,,,,
531,1754.23,,1754.23,,,,,,
532,1754.66,,1754.66,,,,,,
533,1755.04,,1755.04,,,,,,
534,1755.22,,1755.22,,,,,,
535,1755.43,,1755.43,,,,,,
536,1755.72,,1755.72,,,,,,
537,1756.56,,1756.56,,,,,,
538,1757.42,,1757.42,,,,,,
539,1758.01,,1758.01,,,,,,
540,1758.23,,1758.23,,,,,,
541,1758.43,,1758.43,,,,,,
542,1758.85,,1758.85,,,,,,
543,1759.11,,1759.11,,,,,,
544,1759.88,,1759.88,,,,,,
545,1760.37,,1760.37,,,,,,
546,1760.59,,1760.59,,,,,,
547,1760.74,,1760.74,,,,,,
548,1761.07,,1761.07,,,,,,
549,1761.45,,1761.45,,,,,,
550,1762.05,,1762.05,,,,,,
551,1762.95,,1762.95,,,,,,
552,1763.36,,1763.36,,,,,,
553,1765.19,,1765.19,,,,,,
554,1765.44,,1765.44,,,,,,
555,1765.77,,1765.77,,,,,,
556,1766.09,,1766.09,,,,,,
557,1766.48,,1766.48,,,,,,
558,1767.23,,1767.23,,,,,,
559,1767.71,,1767.71,,,,,,
560,1768.0,,1768.0,,,,,,
561,1768.62,,1768.62,,,,,,
562,1770.31,,1770.31,,,,,,
563,1770.56,,1770.56,,,,,,
564,1770.75,,1770.75,,,,,,
565,1771.03,,1771.03,,,,,,
566,1771.33,,1771.33,,,,,,
567,1772.96,,1772.96,,,,,,
568,1774.36,,1774.36,,,,,,
569,1774.6,,1774.6,,,,,,
570,1774.86,,1774.86,,,,,,
571,1775.21,,1775.21,,,,,,
572,1775.7,,1775.7,,,,,,
573,1776.13,,1776.13,,,,,,
574,1776.34,,1776.34,,,,,,
575,1777.4,,1777.4,,,,,,
576,1777.7,,1777.7,,,,,,
577,1778.15,,1778.15,,,,,,
578,1778.34,,1778.34,,,,,,
579,1778.69,,1778.69,,,,,,
580,1779.08,,1779.08,,,,,,
581,1779.38,,1779.38,,,,,,
582,1779.76,,1779.76,,,,,,
583,1780.22,,1780.22,,,,,,
584,1780.91,,1780.91,,,,,,
585,1781.63,,1781.63,,,,,,
586,1782.33,,1782.33,,,,,,
587,1782.82,,1782.82,,,,,,
588,1784.4,,1784.4,,,,,,
589,1784.71,,1784.71,,,,,,
590,1784.87,,1784.87,,,,,,
591,1785.23,,1785.23,,,,,,
592,1787.65,,1787.65,,,,,,
593,1788.5,,1788.5,,,,,,
594,1789.26,,1789.26,,,,,,
595,1789.48,,1789.48,,,,,,
596,1789.76,,1789.76,,,,,,
597,1790.06,,1790.06,,,,,,
598,1790.28,,1790.28,,,,,,
599,1790.92,,1790.92,,,,,,
600,1791.69,,1791.69,,,,,,
0,1791.91,,1791.91,,,,,,
1,1792.23,,1792.23,,,,,,
2,1793.02,,1793.02,,,,,,
3,1793.34,,1793.34,,,,,,
4,1793.59,,1793.59,,,,,,
5,1793.97,,1793.97,,,,,,
6,1794.24,,1794.24,,,,,,
7,1794.43,,1794.43,,,,,,
8,1794.68,,1794.68,,,,,,
9,1795.2,,1795.2,,,,,,
10,1795.57,,1795.57,,,,,,
11,1795.87,,1795.87,,,,,,
12,1796.21,,1796.21,,,,,,
13,1796.91,,1796.91,,,,,,
14,1797.38,,1797.38,,,,,,
15,1797.77,,1797.77,,,,,,
16,1798.69,,1798.69,,,,,,
