runnum,date,subject,eventnum,time,event
4,100217,BA1656,0,0,300
4,100217,BA1656,1,448,120
4,100217,BA1656,2,507,120
4,100217,BA1656,3,552,120
4,100217,BA1656,4,611,120
4,100217,BA1656,5,638,120
4,100217,BA1656,6,674,120
4,100217,BA1656,7,738,120
4,100217,BA1656,8,760,120
4,100217,BA1656,9,838,120
4,100217,BA1656,10,910,120
4,100217,BA1656,11,1056,120
4,100217,BA1656,12,1089,120
4,100217,BA1656,13,1109,120
4,100217,BA1656,14,1151,120
4,100217,BA1656,15,1223,120
4,100217,BA1656,16,1249,120
4,100217,BA1656,17,1628,120
4,100217,BA1656,18,1670,120
4,100217,BA1656,19,1697,120
4,100217,BA1656,20,1761,120
4,100217,BA1656,21,1800,120
4,100217,BA1656,22,1825,120
4,100217,BA1656,23,1846,120
4,100217,BA1656,24,1944,120
4,100217,BA1656,25,1965,120
4,100217,BA1656,26,1966,200
4,100217,BA1656,27,2171,300
4,100217,BA1656,28,2509,120
4,100217,BA1656,29,2526,120
4,100217,BA1656,30,2550,120
4,100217,BA1656,31,2576,120
4,100217,BA1656,32,2606,120
4,100217,BA1656,33,2654,120
4,100217,BA1656,34,2700,120
4,100217,BA1656,35,2750,120
4,100217,BA1656,36,2780,120
4,100217,BA1656,37,2801,120
4,100217,BA1656,38,2828,120
4,100217,BA1656,39,2871,120
4,100217,BA1656,40,2909,120
4,100217,BA1656,41,2981,120
4,100217,BA1656,42,3028,120
4,100217,BA1656,43,3158,120
4,100217,BA1656,44,3183,120
4,100217,BA1656,45,3208,120
4,100217,BA1656,46,3244,120
4,100217,BA1656,47,3289,120
4,100217,BA1656,48,3313,120
4,100217,BA1656,49,3338,120
4,100217,BA1656,50,3360,120
4,100217,BA1656,51,3559,120
4,100217,BA1656,52,3614,120
4,100217,BA1656,53,3615,200
4,100217,BA1656,54,3820,300
4,100217,BA1656,55,4160,120
4,100217,BA1656,56,4261,120
4,100217,BA1656,57,4288,120
4,100217,BA1656,58,4315,120
4,100217,BA1656,59,4389,120
4,100217,BA1656,60,4426,120
4,100217,BA1656,61,4458,120
4,100217,BA1656,62,4484,120
4,100217,BA1656,63,4524,120
4,100217,BA1656,64,4581,120
4,100217,BA1656,65,4623,120
4,100217,BA1656,66,4676,120
4,100217,BA1656,67,4829,120
4,100217,BA1656,68,4868,120
4,100217,BA1656,69,5112,120
4,100217,BA1656,70,5130,120
4,100217,BA1656,71,5174,120
4,100217,BA1656,72,5196,120
4,100217,BA1656,73,5222,120
4,100217,BA1656,74,5252,120
4,100217,BA1656,75,5303,120
4,100217,BA1656,76,5353,120
4,100217,BA1656,77,5402,120
4,100217,BA1656,78,5420,120
4,100217,BA1656,79,5508,120
4,100217,BA1656,80,5509,200
4,100217,BA1656,81,5714,300
4,100217,BA1656,82,6575,120
4,100217,BA1656,83,6599,120
4,100217,BA1656,84,6628,120
4,100217,BA1656,85,6695,120
4,100217,BA1656,86,6724,120
4,100217,BA1656,87,6734,120
4,100217,BA1656,88,6770,120
4,100217,BA1656,89,6783,120
4,100217,BA1656,90,6830,120
4,100217,BA1656,91,6929,120
4,100217,BA1656,92,6964,120
4,100217,BA1656,93,6987,120
4,100217,BA1656,94,7026,120
4,100217,BA1656,95,7045,120
4,100217,BA1656,96,7079,120
4,100217,BA1656,97,7137,120
4,100217,BA1656,98,7164,120
4,100217,BA1656,99,7181,120
4,100217,BA1656,100,7296,120
4,100217,BA1656,101,7321,120
4,100217,BA1656,102,7348,120
4,100217,BA1656,103,7424,120
4,100217,BA1656,104,7446,120
4,100217,BA1656,105,7556,120
4,100217,BA1656,106,7614,120
4,100217,BA1656,107,7615,200
4,100217,BA1656,108,7820,300
4,100217,BA1656,109,8092,120
4,100217,BA1656,110,8155,120
4,100217,BA1656,111,8387,120
4,100217,BA1656,112,8472,120
4,100217,BA1656,113,8610,120
4,100217,BA1656,114,8712,120
4,100217,BA1656,115,8733,120
4,100217,BA1656,116,8762,120
4,100217,BA1656,117,8821,120
4,100217,BA1656,118,8839,120
4,100217,BA1656,119,8868,120
4,100217,BA1656,120,8910,120
4,100217,BA1656,121,9037,120
4,100217,BA1656,122,9157,120
4,100217,BA1656,123,9188,120
4,100217,BA1656,124,9219,120
4,100217,BA1656,125,9449,120
4,100217,BA1656,126,9489,120
4,100217,BA1656,127,9526,120
4,100217,BA1656,128,9555,120
4,100217,BA1656,129,9609,120
4,100217,BA1656,130,9779,120
4,100217,BA1656,131,9891,120
4,100217,BA1656,132,10106,120
4,100217,BA1656,133,10143,120
4,100217,BA1656,134,10144,200
4,100217,BA1656,135,10349,300
4,100217,BA1656,136,10832,120
4,100217,BA1656,137,10865,120
4,100217,BA1656,138,10902,120
4,100217,BA1656,139,10980,120
4,100217,BA1656,140,10995,120
4,100217,BA1656,141,11043,120
4,100217,BA1656,142,11080,120
4,100217,BA1656,143,11132,120
4,100217,BA1656,144,11146,120
4,100217,BA1656,145,11225,120
4,100217,BA1656,146,11257,120
4,100217,BA1656,147,11274,120
4,100217,BA1656,148,11409,120
4,100217,BA1656,149,11450,120
4,100217,BA1656,150,11515,120
4,100217,BA1656,151,11608,120
4,100217,BA1656,152,11622,120
4,100217,BA1656,153,11846,120
4,100217,BA1656,154,11884,120
4,100217,BA1656,155,11914,120
4,100217,BA1656,156,11958,120
4,100217,BA1656,157,11998,120
4,100217,BA1656,158,12046,120
4,100217,BA1656,159,12076,120
4,100217,BA1656,160,12120,120
4,100217,BA1656,161,12121,200
4,100217,BA1656,162,12326,300
4,100217,BA1656,163,13656,120
4,100217,BA1656,164,13740,120
4,100217,BA1656,165,13800,120
4,100217,BA1656,166,13839,120
4,100217,BA1656,167,13879,120
4,100217,BA1656,168,13906,120
4,100217,BA1656,169,13925,120
4,100217,BA1656,170,13990,120
4,100217,BA1656,171,14019,120
4,100217,BA1656,172,14053,120
4,100217,BA1656,173,14135,120
4,100217,BA1656,174,14208,120
4,100217,BA1656,175,14255,120
4,100217,BA1656,176,14342,120
4,100217,BA1656,177,14374,120
4,100217,BA1656,178,14407,120
4,100217,BA1656,179,14417,120
4,100217,BA1656,180,14561,120
4,100217,BA1656,181,14608,120
4,100217,BA1656,182,14665,120
4,100217,BA1656,183,14709,120
4,100217,BA1656,184,14730,120
4,100217,BA1656,185,14750,120
4,100217,BA1656,186,14772,120
4,100217,BA1656,187,14803,120
4,100217,BA1656,188,14804,200
4,100217,BA1656,189,15009,300
4,100217,BA1656,190,15364,120
4,100217,BA1656,191,15429,120
4,100217,BA1656,192,15450,120
4,100217,BA1656,193,15479,120
4,100217,BA1656,194,15504,120
4,100217,BA1656,195,15524,120
4,100217,BA1656,196,15553,120
4,100217,BA1656,197,15601,120
4,100217,BA1656,198,15659,120
4,100217,BA1656,199,15747,120
4,100217,BA1656,200,15878,120
4,100217,BA1656,201,15980,120
4,100217,BA1656,202,16001,120
4,100217,BA1656,203,16027,120
4,100217,BA1656,204,16202,120
4,100217,BA1656,205,16694,120
4,100217,BA1656,206,16712,120
4,100217,BA1656,207,16773,120
4,100217,BA1656,208,16807,120
4,100217,BA1656,209,16835,120
4,100217,BA1656,210,16865,120
4,100217,BA1656,211,16931,120
4,100217,BA1656,212,16955,120
4,100217,BA1656,213,16998,120
4,100217,BA1656,214,17135,120
4,100217,BA1656,215,17136,200
4,100217,BA1656,216,17341,300
4,100217,BA1656,217,17710,120
4,100217,BA1656,218,17749,120
4,100217,BA1656,219,17771,120
4,100217,BA1656,220,17799,120
4,100217,BA1656,221,17817,120
4,100217,BA1656,222,17849,120
4,100217,BA1656,223,17903,120
4,100217,BA1656,224,17943,120
4,100217,BA1656,225,18133,120
4,100217,BA1656,226,18224,120
4,100217,BA1656,227,18255,120
4,100217,BA1656,228,18284,120
4,100217,BA1656,229,18311,120
4,100217,BA1656,230,18343,120
4,100217,BA1656,231,18413,120
4,100217,BA1656,232,18599,120
4,100217,BA1656,233,18653,120
4,100217,BA1656,234,18683,120
4,100217,BA1656,235,18826,120
4,100217,BA1656,236,18864,120
4,100217,BA1656,237,19092,120
4,100217,BA1656,238,19132,120
4,100217,BA1656,239,19161,120
4,100217,BA1656,240,19190,120
4,100217,BA1656,241,19225,120
4,100217,BA1656,242,19226,200
4,100217,BA1656,243,19431,300
4,100217,BA1656,244,19886,120
4,100217,BA1656,245,19914,120
4,100217,BA1656,246,19997,120
4,100217,BA1656,247,20037,120
4,100217,BA1656,248,20057,120
4,100217,BA1656,249,20075,120
4,100217,BA1656,250,20098,120
4,100217,BA1656,251,20177,120
4,100217,BA1656,252,20218,120
4,100217,BA1656,253,20299,120
4,100217,BA1656,254,20664,120
4,100217,BA1656,255,20691,120
4,100217,BA1656,256,20743,120
4,100217,BA1656,257,20821,120
4,100217,BA1656,258,20841,120
4,100217,BA1656,259,20973,120
4,100217,BA1656,260,21035,120
4,100217,BA1656,261,21073,120
4,100217,BA1656,262,21103,120
4,100217,BA1656,263,21134,120
4,100217,BA1656,264,21163,120
4,100217,BA1656,265,21192,120
4,100217,BA1656,266,21216,120
4,100217,BA1656,267,21287,120
4,100217,BA1656,268,21327,120
4,100217,BA1656,269,21328,200
4,100217,BA1656,270,21533,300
4,100217,BA1656,271,21804,120
4,100217,BA1656,272,21854,120
4,100217,BA1656,273,21874,120
4,100217,BA1656,274,21914,120
4,100217,BA1656,275,21946,120
4,100217,BA1656,276,21989,120
4,100217,BA1656,277,22106,120
4,100217,BA1656,278,22146,120
4,100217,BA1656,279,22181,120
4,100217,BA1656,280,22231,120
4,100217,BA1656,281,22267,120
4,100217,BA1656,282,22337,120
4,100217,BA1656,283,22398,120
4,100217,BA1656,284,22436,120
4,100217,BA1656,285,22542,120
4,100217,BA1656,286,22596,120
4,100217,BA1656,287,22620,120
4,100217,BA1656,288,22646,120
4,100217,BA1656,289,22671,120
4,100217,BA1656,290,22741,120
4,100217,BA1656,291,22797,120
4,100217,BA1656,292,22834,120
4,100217,BA1656,293,22860,120
4,100217,BA1656,294,23111,120
4,100217,BA1656,295,23139,120
4,100217,BA1656,296,23140,200
4,100217,BA1656,297,23345,300
4,100217,BA1656,298,23487,120
4,100217,BA1656,299,23518,120
4,100217,BA1656,300,23676,120
4,100217,BA1656,301,23701,120
4,100217,BA1656,302,23731,120
4,100217,BA1656,303,23757,120
4,100217,BA1656,304,23780,120
4,100217,BA1656,305,23801,120
4,100217,BA1656,306,23833,120
4,100217,BA1656,307,23891,120
4,100217,BA1656,308,23942,120
4,100217,BA1656,309,23969,120
4,100217,BA1656,310,24060,120
4,100217,BA1656,311,24100,120
4,100217,BA1656,312,24132,120
4,100217,BA1656,313,24196,120
4,100217,BA1656,314,24233,120
4,100217,BA1656,315,24267,120
4,100217,BA1656,316,24290,120
4,100217,BA1656,317,24350,120
4,100217,BA1656,318,24385,120
4,100217,BA1656,319,24416,120
4,100217,BA1656,320,24470,120
4,100217,BA1656,321,24504,120
4,100217,BA1656,322,24535,120
4,100217,BA1656,323,24536,200
4,100217,BA1656,324,24741,300
4,100217,BA1656,325,25062,120
4,100217,BA1656,326,25090,120
4,100217,BA1656,327,25127,120
4,100217,BA1656,328,25220,120
4,100217,BA1656,329,25248,120
4,100217,BA1656,330,25285,120
4,100217,BA1656,331,25321,120
4,100217,BA1656,332,25354,120
4,100217,BA1656,333,25381,120
4,100217,BA1656,334,25414,120
4,100217,BA1656,335,25472,120
4,100217,BA1656,336,25682,120
4,100217,BA1656,337,25717,120
4,100217,BA1656,338,25750,120
4,100217,BA1656,339,25798,120
4,100217,BA1656,340,25964,120
4,100217,BA1656,341,26010,120
4,100217,BA1656,342,26100,120
4,100217,BA1656,343,26125,120
4,100217,BA1656,344,26208,120
4,100217,BA1656,345,26329,120
4,100217,BA1656,346,26486,120
4,100217,BA1656,347,26505,120
4,100217,BA1656,348,26531,120
4,100217,BA1656,349,26562,120
4,100217,BA1656,350,26563,200
4,100217,BA1656,351,26768,300
4,100217,BA1656,352,27102,120
4,100217,BA1656,353,27420,120
4,100217,BA1656,354,27637,120
4,100217,BA1656,355,27665,120
4,100217,BA1656,356,27703,120
4,100217,BA1656,357,27739,120
4,100217,BA1656,358,27810,120
4,100217,BA1656,359,27844,120
4,100217,BA1656,360,27940,120
4,100217,BA1656,361,27981,120
4,100217,BA1656,362,28011,120
4,100217,BA1656,363,28059,120
4,100217,BA1656,364,28096,120
4,100217,BA1656,365,28143,120
4,100217,BA1656,366,28197,120
4,100217,BA1656,367,28225,120
4,100217,BA1656,368,28267,120
4,100217,BA1656,369,28323,120
4,100217,BA1656,370,28482,120
4,100217,BA1656,371,28513,120
4,100217,BA1656,372,28566,120
4,100217,BA1656,373,28600,120
4,100217,BA1656,374,28727,120
4,100217,BA1656,375,28855,120
4,100217,BA1656,376,28883,120
4,100217,BA1656,377,28884,200
4,100217,BA1656,378,29089,300
4,100217,BA1656,379,29288,120
4,100217,BA1656,380,29318,120
4,100217,BA1656,381,29354,120
4,100217,BA1656,382,29390,120
4,100217,BA1656,383,29491,120
4,100217,BA1656,384,29532,120
4,100217,BA1656,385,29591,120
4,100217,BA1656,386,29671,120
4,100217,BA1656,387,29746,120
4,100217,BA1656,388,29901,120
4,100217,BA1656,389,29922,120
4,100217,BA1656,390,29967,120
4,100217,BA1656,391,29999,120
4,100217,BA1656,392,30042,120
4,100217,BA1656,393,30138,120
4,100217,BA1656,394,30215,120
4,100217,BA1656,395,30245,120
4,100217,BA1656,396,30300,120
4,100217,BA1656,397,30325,120
4,100217,BA1656,398,30407,120
4,100217,BA1656,399,30469,120
4,100217,BA1656,400,30482,120
4,100217,BA1656,401,30542,120
4,100217,BA1656,402,30631,120
4,100217,BA1656,403,30671,120
4,100217,BA1656,404,30672,200
4,100217,BA1656,405,30877,300
4,100217,BA1656,406,31281,120
4,100217,BA1656,407,31339,120
4,100217,BA1656,408,31396,120
4,100217,BA1656,409,31434,120
4,100217,BA1656,410,31513,120
4,100217,BA1656,411,31841,120
4,100217,BA1656,412,31875,120
4,100217,BA1656,413,31936,120
4,100217,BA1656,414,32071,120
4,100217,BA1656,415,32135,120
4,100217,BA1656,416,32204,120
4,100217,BA1656,417,32273,120
4,100217,BA1656,418,32331,120
4,100217,BA1656,419,32376,120
4,100217,BA1656,420,32411,120
4,100217,BA1656,421,32447,120
4,100217,BA1656,422,32691,120
4,100217,BA1656,423,32716,120
4,100217,BA1656,424,32751,120
4,100217,BA1656,425,32789,120
4,100217,BA1656,426,32833,120
4,100217,BA1656,427,32945,120
4,100217,BA1656,428,33069,120
4,100217,BA1656,429,33097,120
4,100217,BA1656,430,33170,120
4,100217,BA1656,431,33171,200
4,100217,BA1656,432,33376,300
4,100217,BA1656,433,34039,120
4,100217,BA1656,434,34061,120
4,100217,BA1656,435,34124,120
4,100217,BA1656,436,34179,120
4,100217,BA1656,437,34220,120
4,100217,BA1656,438,34238,120
4,100217,BA1656,439,34275,120
4,100217,BA1656,440,34303,120
4,100217,BA1656,441,34341,120
4,100217,BA1656,442,34375,120
4,100217,BA1656,443,34409,120
4,100217,BA1656,444,34436,120
4,100217,BA1656,445,34636,120
4,100217,BA1656,446,34657,120
4,100217,BA1656,447,34716,120
4,100217,BA1656,448,34743,120
4,100217,BA1656,449,34862,120
4,100217,BA1656,450,34890,120
4,100217,BA1656,451,34952,120
4,100217,BA1656,452,34994,120
4,100217,BA1656,453,35015,120
4,100217,BA1656,454,35046,120
4,100217,BA1656,455,35094,120
4,100217,BA1656,456,35157,120
4,100217,BA1656,457,35220,120
4,100217,BA1656,458,35221,200
4,100217,BA1656,459,35426,300
4,100217,BA1656,460,35687,120
4,100217,BA1656,461,35718,120
4,100217,BA1656,462,35748,120
4,100217,BA1656,463,35784,120
4,100217,BA1656,464,35821,120
4,100217,BA1656,465,35848,120
4,100217,BA1656,466,35867,120
4,100217,BA1656,467,35909,120
4,100217,BA1656,468,35941,120
4,100217,BA1656,469,36036,120
4,100217,BA1656,470,36214,120
4,100217,BA1656,471,36286,120
4,100217,BA1656,472,36329,120
4,100217,BA1656,473,36351,120
4,100217,BA1656,474,36384,120
4,100217,BA1656,475,36422,120
4,100217,BA1656,476,36464,120
4,100217,BA1656,477,36599,120
4,100217,BA1656,478,36684,120
4,100217,BA1656,479,36781,120
4,100217,BA1656,480,36830,120
4,100217,BA1656,481,36859,120
4,100217,BA1656,482,36939,120
4,100217,BA1656,483,36999,120
4,100217,BA1656,484,37104,120
4,100217,BA1656,485,37105,200
4,100217,BA1656,486,37310,300
4,100217,BA1656,487,41290,120
4,100217,BA1656,488,41333,120
4,100217,BA1656,489,41424,120
4,100217,BA1656,490,41486,120
4,100217,BA1656,491,41522,120
4,100217,BA1656,492,41553,120
4,100217,BA1656,493,41627,120
4,100217,BA1656,494,41685,120
4,100217,BA1656,495,41703,120
4,100217,BA1656,496,41735,120
4,100217,BA1656,497,41798,120
4,100217,BA1656,498,41810,120
4,100217,BA1656,499,41938,120
4,100217,BA1656,500,42002,120
4,100217,BA1656,501,42045,120
4,100217,BA1656,502,42097,120
4,100217,BA1656,503,42251,120
4,100217,BA1656,504,42282,120
4,100217,BA1656,505,42316,120
4,100217,BA1656,506,42434,120
4,100217,BA1656,507,42462,120
4,100217,BA1656,508,42487,120
4,100217,BA1656,509,42536,120
4,100217,BA1656,510,42559,120
4,100217,BA1656,511,42582,120
4,100217,BA1656,512,42583,200
4,100217,BA1656,513,42788,300
4,100217,BA1656,514,43161,120
4,100217,BA1656,515,43186,120
4,100217,BA1656,516,43215,120
4,100217,BA1656,517,43255,120
4,100217,BA1656,518,43378,120
4,100217,BA1656,519,43518,120
4,100217,BA1656,520,43591,120
4,100217,BA1656,521,43679,120
4,100217,BA1656,522,43738,120
4,100217,BA1656,523,43781,120
4,100217,BA1656,524,43817,120
4,100217,BA1656,525,43865,120
4,100217,BA1656,526,43935,120
4,100217,BA1656,527,43958,120
4,100217,BA1656,528,44103,120
4,100217,BA1656,529,44146,120
4,100217,BA1656,530,44201,120
4,100217,BA1656,531,44315,120
4,100217,BA1656,532,44382,120
4,100217,BA1656,533,44442,120
4,100217,BA1656,534,44508,120
4,100217,BA1656,535,44537,120
4,100217,BA1656,536,44564,120
4,100217,BA1656,537,44601,120
4,100217,BA1656,538,44641,120
4,100217,BA1656,539,44642,200
4,100217,BA1656,540,44847,300
4,100217,BA1656,541,45309,120
4,100217,BA1656,542,45338,120
4,100217,BA1656,543,45444,120
4,100217,BA1656,544,45649,120
4,100217,BA1656,545,45676,120
4,100217,BA1656,546,45742,120
4,100217,BA1656,547,45846,120
4,100217,BA1656,548,45868,120
4,100217,BA1656,549,45908,120
4,100217,BA1656,550,45984,120
4,100217,BA1656,551,46070,120
4,100217,BA1656,552,46259,120
4,100217,BA1656,553,46402,120
4,100217,BA1656,554,46527,120
4,100217,BA1656,555,46551,120
4,100217,BA1656,556,46599,120
4,100217,BA1656,557,46625,120
4,100217,BA1656,558,46739,120
4,100217,BA1656,559,46782,120
4,100217,BA1656,560,46931,120
4,100217,BA1656,561,47013,120
4,100217,BA1656,562,47037,120
4,100217,BA1656,563,47065,120
4,100217,BA1656,564,47104,120
4,100217,BA1656,565,47128,120
4,100217,BA1656,566,47129,200
4,100217,BA1656,567,47334,300
4,100217,BA1656,568,47805,120
4,100217,BA1656,569,47846,120
4,100217,BA1656,570,47996,120
4,100217,BA1656,571,48022,120
4,100217,BA1656,572,48115,120
4,100217,BA1656,573,48232,120
4,100217,BA1656,574,48278,120
4,100217,BA1656,575,48373,120
4,100217,BA1656,576,48426,120
4,100217,BA1656,577,48512,120
4,100217,BA1656,578,48542,120
4,100217,BA1656,579,48592,120
4,100217,BA1656,580,48670,120
4,100217,BA1656,581,48691,120
4,100217,BA1656,582,48720,120
4,100217,BA1656,583,48733,120
4,100217,BA1656,584,48748,120
4,100217,BA1656,585,48798,120
4,100217,BA1656,586,48806,120
4,100217,BA1656,587,48874,120
4,100217,BA1656,588,48961,120
4,100217,BA1656,589,48974,120
4,100217,BA1656,590,48995,120
4,100217,BA1656,591,49036,120
4,100217,BA1656,592,49129,120
4,100217,BA1656,593,49130,200
4,100217,BA1656,594,49335,300
4,100217,BA1656,595,49618,120
4,100217,BA1656,596,49656,120
4,100217,BA1656,597,49737,120
4,100217,BA1656,598,49889,120
4,100217,BA1656,599,49929,120
4,100217,BA1656,600,49959,120
4,100217,BA1656,601,49985,120
4,100217,BA1656,602,50016,120
4,100217,BA1656,603,50052,120
4,100217,BA1656,604,50066,120
4,100217,BA1656,605,50095,120
4,100217,BA1656,606,50173,120
4,100217,BA1656,607,50249,120
4,100217,BA1656,608,50268,120
4,100217,BA1656,609,50298,120
4,100217,BA1656,610,50564,120
4,100217,BA1656,611,50597,120
4,100217,BA1656,612,50625,120
4,100217,BA1656,613,50678,120
4,100217,BA1656,614,50720,120
4,100217,BA1656,615,50768,120
4,100217,BA1656,616,50799,120
4,100217,BA1656,617,50944,120
4,100217,BA1656,618,50971,120
4,100217,BA1656,619,51113,120
4,100217,BA1656,620,51114,200
4,100217,BA1656,621,51319,300
4,100217,BA1656,622,51816,120
4,100217,BA1656,623,51878,120
4,100217,BA1656,624,51932,120
4,100217,BA1656,625,51960,120
4,100217,BA1656,626,52252,120
4,100217,BA1656,627,52436,120
4,100217,BA1656,628,52456,120
4,100217,BA1656,629,52481,120
4,100217,BA1656,630,52503,120
4,100217,BA1656,631,52535,120
4,100217,BA1656,632,52566,120
4,100217,BA1656,633,52601,120
4,100217,BA1656,634,52692,120
4,100217,BA1656,635,52782,120
4,100217,BA1656,636,52833,120
4,100217,BA1656,637,52858,120
4,100217,BA1656,638,52901,120
4,100217,BA1656,639,53095,120
4,100217,BA1656,640,53133,120
4,100217,BA1656,641,53184,120
4,100217,BA1656,642,53227,120
4,100217,BA1656,643,53266,120
4,100217,BA1656,644,53334,120
4,100217,BA1656,645,53522,120
4,100217,BA1656,646,53548,120
4,100217,BA1656,647,53549,200
4,100217,BA1656,648,53754,300
4,100217,BA1656,649,54266,120
4,100217,BA1656,650,54294,120
4,100217,BA1656,651,54330,120
4,100217,BA1656,652,54364,120
4,100217,BA1656,653,54408,120
4,100217,BA1656,654,54460,120
4,100217,BA1656,655,54482,120
4,100217,BA1656,656,54538,120
4,100217,BA1656,657,54569,120
4,100217,BA1656,658,54627,120
4,100217,BA1656,659,54653,120
4,100217,BA1656,660,54690,120
4,100217,BA1656,661,54750,120
4,100217,BA1656,662,54833,120
4,100217,BA1656,663,55098,120
4,100217,BA1656,664,55127,120
4,100217,BA1656,665,55160,120
4,100217,BA1656,666,55190,120
4,100217,BA1656,667,55225,120
4,100217,BA1656,668,55278,120
4,100217,BA1656,669,55337,120
4,100217,BA1656,670,55374,120
4,100217,BA1656,671,55397,120
4,100217,BA1656,672,55474,120
4,100217,BA1656,673,55527,120
4,100217,BA1656,674,55528,200
4,100217,BA1656,675,55733,300
4,100217,BA1656,676,56406,120
4,100217,BA1656,677,56437,120
4,100217,BA1656,678,56760,120
4,100217,BA1656,679,56808,120
4,100217,BA1656,680,56841,120
4,100217,BA1656,681,56873,120
4,100217,BA1656,682,56916,120
4,100217,BA1656,683,56944,120
4,100217,BA1656,684,56999,120
4,100217,BA1656,685,57014,120
4,100217,BA1656,686,57034,120
4,100217,BA1656,687,57056,120
4,100217,BA1656,688,57119,120
4,100217,BA1656,689,57183,120
4,100217,BA1656,690,57375,120
4,100217,BA1656,691,57554,120
4,100217,BA1656,692,57584,120
4,100217,BA1656,693,57623,120
4,100217,BA1656,694,57656,120
4,100217,BA1656,695,57699,120
4,100217,BA1656,696,57744,120
4,100217,BA1656,697,57775,120
4,100217,BA1656,698,57844,120
4,100217,BA1656,699,58051,120
4,100217,BA1656,700,58079,120
4,100217,BA1656,701,58080,200
4,100217,BA1656,702,58285,300
4,100217,BA1656,703,58691,120
4,100217,BA1656,704,58716,120
4,100217,BA1656,705,58742,120
4,100217,BA1656,706,58760,120
4,100217,BA1656,707,58789,120
4,100217,BA1656,708,58819,120
4,100217,BA1656,709,58917,120
4,100217,BA1656,710,58952,120
4,100217,BA1656,711,59003,120
4,100217,BA1656,712,59035,120
4,100217,BA1656,713,59084,120
4,100217,BA1656,714,59114,120
4,100217,BA1656,715,59142,120
4,100217,BA1656,716,59166,120
4,100217,BA1656,717,59268,120
4,100217,BA1656,718,59293,120
4,100217,BA1656,719,59356,120
4,100217,BA1656,720,59401,120
4,100217,BA1656,721,59452,120
4,100217,BA1656,722,59499,120
4,100217,BA1656,723,59534,120
4,100217,BA1656,724,59550,120
4,100217,BA1656,725,59575,120
4,100217,BA1656,726,59607,120
4,100217,BA1656,727,59692,120
4,100217,BA1656,728,59693,200
4,100217,BA1656,729,59898,300
4,100217,BA1656,730,59933,120
4,100217,BA1656,731,59960,120
4,100217,BA1656,732,59999,120
4,100217,BA1656,733,60030,120
4,100217,BA1656,734,60116,120
4,100217,BA1656,735,60145,120
4,100217,BA1656,736,60184,120
4,100217,BA1656,737,60225,120
4,100217,BA1656,738,60286,120
4,100217,BA1656,739,60334,120
4,100217,BA1656,740,60370,120
4,100217,BA1656,741,60399,120
4,100217,BA1656,742,60473,120
4,100217,BA1656,743,60493,120
4,100217,BA1656,744,60518,120
4,100217,BA1656,745,60539,120
4,100217,BA1656,746,60574,120
4,100217,BA1656,747,60621,120
4,100217,BA1656,748,60725,120
4,100217,BA1656,749,60776,120
4,100217,BA1656,750,61017,120
4,100217,BA1656,751,61100,120
4,100217,BA1656,752,61181,120
4,100217,BA1656,753,61203,120
4,100217,BA1656,754,61250,120
4,100217,BA1656,755,61251,200
4,100217,BA1656,756,61456,300
4,100217,BA1656,757,62217,120
4,100217,BA1656,758,62299,120
4,100217,BA1656,759,62329,120
4,100217,BA1656,760,62372,120
4,100217,BA1656,761,62639,120
4,100217,BA1656,762,62678,120
4,100217,BA1656,763,62704,120
4,100217,BA1656,764,62736,120
4,100217,BA1656,765,62785,120
4,100217,BA1656,766,62814,120
4,100217,BA1656,767,62842,120
4,100217,BA1656,768,62913,120
4,100217,BA1656,769,62938,120
4,100217,BA1656,770,63009,120
4,100217,BA1656,771,63080,120
4,100217,BA1656,772,63172,120
4,100217,BA1656,773,63221,120
4,100217,BA1656,774,63256,120
4,100217,BA1656,775,63290,120
4,100217,BA1656,776,63326,120
4,100217,BA1656,777,63486,120
4,100217,BA1656,778,63505,120
4,100217,BA1656,779,63537,120
4,100217,BA1656,780,63665,120
4,100217,BA1656,781,63695,120
4,100217,BA1656,782,63696,200
4,100217,BA1656,783,63901,300
4,100217,BA1656,784,64202,120
4,100217,BA1656,785,64232,120
4,100217,BA1656,786,64310,120
4,100217,BA1656,787,64391,120
4,100217,BA1656,788,64419,120
4,100217,BA1656,789,64455,120
4,100217,BA1656,790,64592,120
4,100217,BA1656,791,64626,120
4,100217,BA1656,792,64697,120
4,100217,BA1656,793,64753,120
4,100217,BA1656,794,64878,120
4,100217,BA1656,795,64903,120
4,100217,BA1656,796,64935,120
4,100217,BA1656,797,64964,120
4,100217,BA1656,798,65009,120
4,100217,BA1656,799,65044,120
4,100217,BA1656,800,65119,120
4,100217,BA1656,801,65144,120
4,100217,BA1656,802,65171,120
4,100217,BA1656,803,65219,120
4,100217,BA1656,804,65247,120
4,100217,BA1656,805,65278,120
4,100217,BA1656,806,65306,120
4,100217,BA1656,807,65348,120
4,100217,BA1656,808,65433,120
4,100217,BA1656,809,65434,200
4,100217,BA1656,810,65639,300
4,100217,BA1656,811,66197,120
4,100217,BA1656,812,66296,120
4,100217,BA1656,813,66318,120
4,100217,BA1656,814,66352,120
4,100217,BA1656,815,66402,120
4,100217,BA1656,816,66420,120
4,100217,BA1656,817,66505,120
4,100217,BA1656,818,66554,120
4,100217,BA1656,819,66585,120
4,100217,BA1656,820,66617,120
4,100217,BA1656,821,66788,120
4,100217,BA1656,822,66937,120
4,100217,BA1656,823,66961,120
4,100217,BA1656,824,67017,120
4,100217,BA1656,825,67039,120
4,100217,BA1656,826,67173,120
4,100217,BA1656,827,67191,120
4,100217,BA1656,828,67260,120
4,100217,BA1656,829,67302,120
4,100217,BA1656,830,67338,120
4,100217,BA1656,831,67377,120
4,100217,BA1656,832,67413,120
4,100217,BA1656,833,67493,120
4,100217,BA1656,834,67593,120
4,100217,BA1656,835,67756,120
4,100217,BA1656,836,67757,200
4,100217,BA1656,837,67962,300
4,100217,BA1656,838,68313,120
4,100217,BA1656,839,68347,120
4,100217,BA1656,840,68420,120
4,100217,BA1656,841,68442,120
4,100217,BA1656,842,68600,120
4,100217,BA1656,843,68654,120
4,100217,BA1656,844,68676,120
4,100217,BA1656,845,68728,120
4,100217,BA1656,846,68772,120
4,100217,BA1656,847,68792,120
4,100217,BA1656,848,68818,120
4,100217,BA1656,849,68869,120
4,100217,BA1656,850,68950,120
4,100217,BA1656,851,68978,120
4,100217,BA1656,852,69023,120
4,100217,BA1656,853,69151,120
4,100217,BA1656,854,69215,120
4,100217,BA1656,855,69242,120
4,100217,BA1656,856,69273,120
4,100217,BA1656,857,69309,120
4,100217,BA1656,858,69374,120
4,100217,BA1656,859,69548,120
4,100217,BA1656,860,69717,120
4,100217,BA1656,861,69741,120
4,100217,BA1656,862,69790,120
4,100217,BA1656,863,69791,200
4,100217,BA1656,864,69996,300
4,100217,BA1656,865,70304,120
4,100217,BA1656,866,70348,120
4,100217,BA1656,867,70382,120
4,100217,BA1656,868,70420,120
4,100217,BA1656,869,70456,120
4,100217,BA1656,870,70491,120
4,100217,BA1656,871,70543,120
4,100217,BA1656,872,70609,120
4,100217,BA1656,873,70665,120
4,100217,BA1656,874,70686,120
4,100217,BA1656,875,70731,120
4,100217,BA1656,876,70754,120
4,100217,BA1656,877,70807,120
4,100217,BA1656,878,70878,120
4,100217,BA1656,879,71028,120
4,100217,BA1656,880,71098,120
4,100217,BA1656,881,71165,120
4,100217,BA1656,882,71217,120
4,100217,BA1656,883,71243,120
4,100217,BA1656,884,71270,120
4,100217,BA1656,885,71305,120
4,100217,BA1656,886,71346,120
4,100217,BA1656,887,71385,120
4,100217,BA1656,888,71474,120
4,100217,BA1656,889,71523,120
4,100217,BA1656,890,71524,200
4,100217,BA1656,891,71729,300
4,100217,BA1656,892,72133,120
4,100217,BA1656,893,72251,120
4,100217,BA1656,894,72300,120
4,100217,BA1656,895,72362,120
4,100217,BA1656,896,72376,120
4,100217,BA1656,897,72448,120
4,100217,BA1656,898,72543,120
4,100217,BA1656,899,72603,120
4,100217,BA1656,900,72671,120
4,100217,BA1656,901,72701,120
4,100217,BA1656,902,72741,120
4,100217,BA1656,903,72786,120
4,100217,BA1656,904,72817,120
4,100217,BA1656,905,73079,120
4,100217,BA1656,906,73113,120
4,100217,BA1656,907,73143,120
4,100217,BA1656,908,73179,120
4,100217,BA1656,909,73207,120
4,100217,BA1656,910,73226,120
4,100217,BA1656,911,73251,120
4,100217,BA1656,912,73317,120
4,100217,BA1656,913,73348,120
4,100217,BA1656,914,73424,120
4,100217,BA1656,915,73486,120
4,100217,BA1656,916,73517,120
4,100217,BA1656,917,73518,200
4,100217,BA1656,918,73723,300
4,100217,BA1656,919,74066,120
4,100217,BA1656,920,74117,120
4,100217,BA1656,921,74177,120
4,100217,BA1656,922,74227,120
4,100217,BA1656,923,74256,120
4,100217,BA1656,924,74279,120
4,100217,BA1656,925,74333,120
4,100217,BA1656,926,74384,120
4,100217,BA1656,927,74475,120
4,100217,BA1656,928,74493,120
4,100217,BA1656,929,74518,120
4,100217,BA1656,930,74724,120
4,100217,BA1656,931,74767,120
4,100217,BA1656,932,74826,120
4,100217,BA1656,933,74855,120
4,100217,BA1656,934,74949,120
4,100217,BA1656,935,75211,120
4,100217,BA1656,936,75244,120
4,100217,BA1656,937,75277,120
4,100217,BA1656,938,75307,120
4,100217,BA1656,939,75372,120
4,100217,BA1656,940,75427,120
4,100217,BA1656,941,75523,120
4,100217,BA1656,942,75565,120
4,100217,BA1656,943,75601,120
4,100217,BA1656,944,75602,200
4,100217,BA1656,945,75807,300
4,100217,BA1656,946,75826,120
4,100217,BA1656,947,75924,120
4,100217,BA1656,948,75995,120
4,100217,BA1656,949,76059,120
4,100217,BA1656,950,76759,120
4,100217,BA1656,951,76829,120
4,100217,BA1656,952,76879,120
4,100217,BA1656,953,76928,120
4,100217,BA1656,954,76973,120
4,100217,BA1656,955,76989,120
4,100217,BA1656,956,77009,120
4,100217,BA1656,957,77139,120
4,100217,BA1656,958,77217,120
4,100217,BA1656,959,77352,120
4,100217,BA1656,960,77434,120
4,100217,BA1656,961,77670,120
4,100217,BA1656,962,78098,120
4,100217,BA1656,963,78245,120
4,100217,BA1656,964,78265,120
4,100217,BA1656,965,78297,120
4,100217,BA1656,966,78337,120
4,100217,BA1656,967,78355,120
4,100217,BA1656,968,78390,120
4,100217,BA1656,969,78435,120
4,100217,BA1656,970,78464,120
4,100217,BA1656,971,78465,200
4,100217,BA1656,972,78670,300
4,100217,BA1656,973,80524,120
4,100217,BA1656,974,80735,120
4,100217,BA1656,975,80763,120
4,100217,BA1656,976,80788,120
4,100217,BA1656,977,80815,120
4,100217,BA1656,978,80838,120
4,100217,BA1656,979,81007,120
4,100217,BA1656,980,81052,120
4,100217,BA1656,981,81078,120
4,100217,BA1656,982,81096,120
4,100217,BA1656,983,81131,120
4,100217,BA1656,984,81143,120
4,100217,BA1656,985,81177,120
4,100217,BA1656,986,81242,120
4,100217,BA1656,987,81280,120
4,100217,BA1656,988,81297,120
4,100217,BA1656,989,81556,120
4,100217,BA1656,990,81590,120
4,100217,BA1656,991,81616,120
4,100217,BA1656,992,81636,120
4,100217,BA1656,993,81654,120
4,100217,BA1656,994,81753,120
4,100217,BA1656,995,81775,120
4,100217,BA1656,996,81853,120
4,100217,BA1656,997,81898,120
4,100217,BA1656,998,81899,200
4,100217,BA1656,999,82104,300
4,100217,BA1656,1000,82877,120
4,100217,BA1656,1001,82902,120
4,100217,BA1656,1002,82958,120
4,100217,BA1656,1003,82986,120
4,100217,BA1656,1004,83015,120
4,100217,BA1656,1005,83081,120
4,100217,BA1656,1006,83236,120
4,100217,BA1656,1007,83314,120
4,100217,BA1656,1008,83375,120
4,100217,BA1656,1009,83461,120
4,100217,BA1656,1010,83487,120
4,100217,BA1656,1011,83509,120
4,100217,BA1656,1012,83536,120
4,100217,BA1656,1013,83560,120
4,100217,BA1656,1014,83589,120
4,100217,BA1656,1015,83620,120
4,100217,BA1656,1016,83687,120
4,100217,BA1656,1017,83708,120
4,100217,BA1656,1018,83917,120
4,100217,BA1656,1019,83944,120
4,100217,BA1656,1020,83977,120
4,100217,BA1656,1021,84024,120
4,100217,BA1656,1022,84052,120
4,100217,BA1656,1023,84083,120
4,100217,BA1656,1024,84105,120
4,100217,BA1656,1025,84106,200
4,100217,BA1656,1026,84311,300
4,100217,BA1656,1027,84572,120
4,100217,BA1656,1028,84626,120
4,100217,BA1656,1029,84652,120
4,100217,BA1656,1030,84686,120
4,100217,BA1656,1031,84709,120
4,100217,BA1656,1032,84737,120
4,100217,BA1656,1033,84802,120
4,100217,BA1656,1034,84838,120
4,100217,BA1656,1035,84872,120
4,100217,BA1656,1036,84943,120
4,100217,BA1656,1037,84972,120
4,100217,BA1656,1038,85004,120
4,100217,BA1656,1039,85158,120
4,100217,BA1656,1040,85208,120
4,100217,BA1656,1041,85242,120
4,100217,BA1656,1042,85309,120
4,100217,BA1656,1043,85340,120
4,100217,BA1656,1044,85400,120
4,100217,BA1656,1045,85431,120
4,100217,BA1656,1046,85682,120
4,100217,BA1656,1047,85709,120
4,100217,BA1656,1048,85735,120
4,100217,BA1656,1049,85776,120
4,100217,BA1656,1050,85807,120
4,100217,BA1656,1051,85827,120
4,100217,BA1656,1052,85828,200
4,100217,BA1656,1053,86033,300
4,100217,BA1656,1054,86378,120
4,100217,BA1656,1055,86445,120
4,100217,BA1656,1056,86474,120
4,100217,BA1656,1057,86535,120
4,100217,BA1656,1058,86556,120
4,100217,BA1656,1059,86584,120
4,100217,BA1656,1060,86640,120
4,100217,BA1656,1061,86665,120
4,100217,BA1656,1062,86694,120
4,100217,BA1656,1063,86740,120
4,100217,BA1656,1064,86783,120
4,100217,BA1656,1065,86812,120
4,100217,BA1656,1066,86845,120
4,100217,BA1656,1067,86911,120
4,100217,BA1656,1068,86937,120
4,100217,BA1656,1069,86959,120
4,100217,BA1656,1070,86998,120
4,100217,BA1656,1071,87036,120
4,100217,BA1656,1072,87092,120
4,100217,BA1656,1073,87213,120
4,100217,BA1656,1074,87279,120
4,100217,BA1656,1075,87303,120
4,100217,BA1656,1076,87370,120
4,100217,BA1656,1077,87392,120
4,100217,BA1656,1078,87441,120
4,100217,BA1656,1079,87442,200
4,100217,BA1656,1080,87647,300
4,100217,BA1656,1081,87980,120
4,100217,BA1656,1082,88025,120
4,100217,BA1656,1083,88097,120
4,100217,BA1656,1084,88187,120
4,100217,BA1656,1085,88257,120
4,100217,BA1656,1086,88303,120
4,100217,BA1656,1087,88349,120
4,100217,BA1656,1088,88366,120
4,100217,BA1656,1089,88435,120
4,100217,BA1656,1090,88453,120
4,100217,BA1656,1091,88483,120
4,100217,BA1656,1092,88550,120
4,100217,BA1656,1093,88578,120
4,100217,BA1656,1094,88622,120
4,100217,BA1656,1095,88649,120
4,100217,BA1656,1096,88672,120
4,100217,BA1656,1097,88704,120
4,100217,BA1656,1098,88739,120
4,100217,BA1656,1099,88858,120
4,100217,BA1656,1100,88897,120
4,100217,BA1656,1101,88909,120
4,100217,BA1656,1102,88979,120
4,100217,BA1656,1103,89039,120
4,100217,BA1656,1104,89071,120
4,100217,BA1656,1105,89096,120
4,100217,BA1656,1106,89097,200
4,100217,BA1656,1107,89302,300
4,100217,BA1656,1108,89601,120
4,100217,BA1656,1109,89623,120
4,100217,BA1656,1110,89676,120
4,100217,BA1656,1111,89696,120
4,100217,BA1656,1112,89722,120
4,100217,BA1656,1113,89774,120
4,100217,BA1656,1114,89821,120
4,100217,BA1656,1115,90041,120
4,100217,BA1656,1116,90057,120
4,100217,BA1656,1117,90111,120
4,100217,BA1656,1118,90132,120
4,100217,BA1656,1119,90157,120
4,100217,BA1656,1120,90189,120
4,100217,BA1656,1121,90229,120
4,100217,BA1656,1122,90340,120
4,100217,BA1656,1123,90367,120
4,100217,BA1656,1124,90395,120
4,100217,BA1656,1125,90429,120
4,100217,BA1656,1126,90520,120
4,100217,BA1656,1127,90709,120
4,100217,BA1656,1128,90742,120
4,100217,BA1656,1129,90769,120
4,100217,BA1656,1130,90824,120
4,100217,BA1656,1131,90838,120
4,100217,BA1656,1132,90870,120
4,100217,BA1656,1133,90871,200
4,100217,BA1656,1134,91076,300
4,100217,BA1656,1135,91432,120
4,100217,BA1656,1136,91456,120
4,100217,BA1656,1137,91496,120
4,100217,BA1656,1138,91526,120
4,100217,BA1656,1139,91564,120
4,100217,BA1656,1140,91626,120
4,100217,BA1656,1141,91685,120
4,100217,BA1656,1142,91768,120
4,100217,BA1656,1143,91811,120
4,100217,BA1656,1144,91834,120
4,100217,BA1656,1145,91915,120
4,100217,BA1656,1146,91946,120
4,100217,BA1656,1147,91976,120
4,100217,BA1656,1148,92002,120
4,100217,BA1656,1149,92039,120
4,100217,BA1656,1150,92128,120
4,100217,BA1656,1151,92185,120
4,100217,BA1656,1152,92340,120
4,100217,BA1656,1153,92362,120
4,100217,BA1656,1154,92395,120
4,100217,BA1656,1155,92428,120
4,100217,BA1656,1156,92455,120
4,100217,BA1656,1157,92601,120
4,100217,BA1656,1158,92688,120
4,100217,BA1656,1159,92759,120
4,100217,BA1656,1160,92760,200
4,100217,BA1656,1161,92965,300
4,100217,BA1656,1162,93295,120
4,100217,BA1656,1163,93317,120
4,100217,BA1656,1164,93372,120
4,100217,BA1656,1165,93446,120
4,100217,BA1656,1166,93469,120
4,100217,BA1656,1167,93498,120
4,100217,BA1656,1168,93536,120
4,100217,BA1656,1169,93573,120
4,100217,BA1656,1170,93797,120
4,100217,BA1656,1171,93971,120
4,100217,BA1656,1172,93994,120
4,100217,BA1656,1173,94018,120
4,100217,BA1656,1174,94048,120
4,100217,BA1656,1175,94081,120
4,100217,BA1656,1176,94133,120
4,100217,BA1656,1177,94185,120
4,100217,BA1656,1178,94273,120
4,100217,BA1656,1179,94408,120
4,100217,BA1656,1180,94499,120
4,100217,BA1656,1181,94529,120
4,100217,BA1656,1182,94551,120
4,100217,BA1656,1183,94587,120
4,100217,BA1656,1184,94616,120
4,100217,BA1656,1185,94645,120
4,100217,BA1656,1186,94910,120
4,100217,BA1656,1187,94911,200
4,100217,BA1656,1188,95116,300
4,100217,BA1656,1189,95357,120
4,100217,BA1656,1190,95386,120
4,100217,BA1656,1191,95414,120
4,100217,BA1656,1192,95453,120
4,100217,BA1656,1193,95481,120
4,100217,BA1656,1194,95512,120
4,100217,BA1656,1195,95550,120
4,100217,BA1656,1196,95607,120
4,100217,BA1656,1197,95633,120
4,100217,BA1656,1198,95747,120
4,100217,BA1656,1199,95890,120
4,100217,BA1656,1200,95962,120
4,100217,BA1656,1201,96009,120
4,100217,BA1656,1202,96041,120
4,100217,BA1656,1203,96073,120
4,100217,BA1656,1204,96103,120
4,100217,BA1656,1205,96129,120
4,100217,BA1656,1206,96159,120
4,100217,BA1656,1207,96197,120
4,100217,BA1656,1208,96328,120
4,100217,BA1656,1209,96345,120
4,100217,BA1656,1210,96379,120
4,100217,BA1656,1211,96564,120
4,100217,BA1656,1212,96664,120
4,100217,BA1656,1213,96732,120
4,100217,BA1656,1214,96733,200
4,100217,BA1656,1215,96938,300
4,100217,BA1656,1216,97250,120
4,100217,BA1656,1217,97303,120
4,100217,BA1656,1218,97370,120
4,100217,BA1656,1219,97398,120
4,100217,BA1656,1220,97436,120
4,100217,BA1656,1221,97464,120
4,100217,BA1656,1222,97488,120
4,100217,BA1656,1223,97619,120
4,100217,BA1656,1224,97651,120
4,100217,BA1656,1225,97679,120
4,100217,BA1656,1226,97721,120
4,100217,BA1656,1227,97767,120
4,100217,BA1656,1228,97780,120
4,100217,BA1656,1229,97803,120
4,100217,BA1656,1230,97835,120
4,100217,BA1656,1231,97892,120
4,100217,BA1656,1232,97974,120
4,100217,BA1656,1233,98111,120
4,100217,BA1656,1234,98158,120
4,100217,BA1656,1235,98200,120
4,100217,BA1656,1236,98226,120
4,100217,BA1656,1237,98249,120
4,100217,BA1656,1238,98301,120
4,100217,BA1656,1239,98340,120
4,100217,BA1656,1240,98458,120
4,100217,BA1656,1241,98459,200
4,100217,BA1656,1242,98664,300
4,100217,BA1656,1243,99420,120
4,100217,BA1656,1244,99456,120
4,100217,BA1656,1245,99519,120
4,100217,BA1656,1246,99559,120
4,100217,BA1656,1247,99590,120
4,100217,BA1656,1248,99674,120
4,100217,BA1656,1249,99745,120
4,100217,BA1656,1250,99842,120
4,100217,BA1656,1251,99914,120
4,100217,BA1656,1252,99945,120
4,100217,BA1656,1253,99978,120
4,100217,BA1656,1254,100037,120
4,100217,BA1656,1255,100069,120
4,100217,BA1656,1256,100106,120
4,100217,BA1656,1257,100140,120
4,100217,BA1656,1258,100288,120
4,100217,BA1656,1259,100380,120
4,100217,BA1656,1260,100480,120
4,100217,BA1656,1261,100506,120
4,100217,BA1656,1262,100568,120
4,100217,BA1656,1263,100616,120
4,100217,BA1656,1264,100630,120
4,100217,BA1656,1265,100655,120
4,100217,BA1656,1266,100745,120
4,100217,BA1656,1267,100757,120
4,100217,BA1656,1268,100758,200
4,100217,BA1656,1269,100963,300
4,100217,BA1656,1270,101524,120
4,100217,BA1656,1271,101539,120
4,100217,BA1656,1272,101587,120
4,100217,BA1656,1273,101623,120
4,100217,BA1656,1274,101679,120
4,100217,BA1656,1275,101717,120
4,100217,BA1656,1276,101737,120
4,100217,BA1656,1277,101774,120
4,100217,BA1656,1278,101826,120
4,100217,BA1656,1279,101868,120
4,100217,BA1656,1280,101915,120
4,100217,BA1656,1281,101941,120
4,100217,BA1656,1282,102006,120
4,100217,BA1656,1283,102145,120
4,100217,BA1656,1284,102165,120
4,100217,BA1656,1285,102191,120
4,100217,BA1656,1286,102220,120
4,100217,BA1656,1287,102248,120
4,100217,BA1656,1288,102280,120
4,100217,BA1656,1289,102356,120
4,100217,BA1656,1290,102380,120
4,100217,BA1656,1291,102408,120
4,100217,BA1656,1292,102441,120
4,100217,BA1656,1293,102667,120
4,100217,BA1656,1294,102781,120
4,100217,BA1656,1295,102782,200
4,100217,BA1656,1296,102987,300
4,100217,BA1656,1297,103068,120
4,100217,BA1656,1298,103112,120
4,100217,BA1656,1299,103137,120
4,100217,BA1656,1300,103162,120
4,100217,BA1656,1301,103189,120
4,100217,BA1656,1302,103224,120
4,100217,BA1656,1303,103272,120
4,100217,BA1656,1304,103294,120
4,100217,BA1656,1305,103349,120
4,100217,BA1656,1306,103356,120
4,100217,BA1656,1307,103560,120
4,100217,BA1656,1308,103588,120
4,100217,BA1656,1309,103616,120
4,100217,BA1656,1310,103650,120
4,100217,BA1656,1311,103672,120
4,100217,BA1656,1312,103716,120
4,100217,BA1656,1313,103776,120
4,100217,BA1656,1314,103848,120
4,100217,BA1656,1315,103874,120
4,100217,BA1656,1316,103962,120
4,100217,BA1656,1317,103990,120
4,100217,BA1656,1318,104023,120
4,100217,BA1656,1319,104046,120
4,100217,BA1656,1320,104117,120
4,100217,BA1656,1321,104206,120
4,100217,BA1656,1322,104207,200
4,100217,BA1656,1323,104412,300
4,100217,BA1656,1324,105180,120
4,100217,BA1656,1325,105199,120
4,100217,BA1656,1326,105251,120
4,100217,BA1656,1327,105359,120
4,100217,BA1656,1328,105410,120
4,100217,BA1656,1329,105439,120
4,100217,BA1656,1330,105467,120
4,100217,BA1656,1331,105498,120
4,100217,BA1656,1332,105536,120
4,100217,BA1656,1333,105720,120
4,100217,BA1656,1334,105827,120
4,100217,BA1656,1335,105853,120
4,100217,BA1656,1336,105883,120
4,100217,BA1656,1337,105955,120
4,100217,BA1656,1338,105981,120
4,100217,BA1656,1339,106015,120
4,100217,BA1656,1340,106058,120
4,100217,BA1656,1341,106091,120
4,100217,BA1656,1342,106122,120
4,100217,BA1656,1343,106152,120
4,100217,BA1656,1344,106175,120
4,100217,BA1656,1345,106274,120
4,100217,BA1656,1346,106338,120
4,100217,BA1656,1347,106364,120
4,100217,BA1656,1348,106388,120
4,100217,BA1656,1349,106389,200
4,100217,BA1656,1350,106594,300
4,100217,BA1656,1351,107094,120
4,100217,BA1656,1352,107162,120
4,100217,BA1656,1353,107204,120
4,100217,BA1656,1354,107242,120
4,100217,BA1656,1355,107348,120
4,100217,BA1656,1356,107379,120
4,100217,BA1656,1357,107419,120
4,100217,BA1656,1358,107457,120
4,100217,BA1656,1359,107490,120
4,100217,BA1656,1360,107638,120
4,100217,BA1656,1361,107709,120
4,100217,BA1656,1362,107777,120
4,100217,BA1656,1363,107806,120
4,100217,BA1656,1364,107955,120
4,100217,BA1656,1365,107992,120
4,100217,BA1656,1366,108030,120
4,100217,BA1656,1367,108069,120
4,100217,BA1656,1368,108107,120
4,100217,BA1656,1369,108151,120
4,100217,BA1656,1370,108188,120
4,100217,BA1656,1371,108224,120
4,100217,BA1656,1372,108236,120
4,100217,BA1656,1373,108298,120
4,100217,BA1656,1374,108324,120
4,100217,BA1656,1375,108357,120
4,100217,BA1656,1376,108358,200
4,100217,BA1656,1377,108563,300
4,100217,BA1656,1378,109022,120
4,100217,BA1656,1379,109045,120
4,100217,BA1656,1380,109075,120
4,100217,BA1656,1381,109166,120
4,100217,BA1656,1382,109248,120
4,100217,BA1656,1383,109358,120
4,100217,BA1656,1384,109422,120
4,100217,BA1656,1385,109452,120
4,100217,BA1656,1386,109487,120
4,100217,BA1656,1387,109520,120
4,100217,BA1656,1388,109547,120
4,100217,BA1656,1389,109570,120
4,100217,BA1656,1390,109679,120
4,100217,BA1656,1391,109713,120
4,100217,BA1656,1392,109746,120
4,100217,BA1656,1393,109775,120
4,100217,BA1656,1394,109806,120
4,100217,BA1656,1395,109951,120
4,100217,BA1656,1396,109974,120
4,100217,BA1656,1397,110011,120
4,100217,BA1656,1398,110040,120
4,100217,BA1656,1399,110106,120
4,100217,BA1656,1400,110138,120
4,100217,BA1656,1401,110309,120
4,100217,BA1656,1402,110435,120
4,100217,BA1656,1403,110436,200
4,100217,BA1656,1404,110641,300
4,100217,BA1656,1405,111036,120
4,100217,BA1656,1406,111086,120
4,100217,BA1656,1407,111139,120
4,100217,BA1656,1408,111175,120
4,100217,BA1656,1409,111215,120
4,100217,BA1656,1410,111259,120
4,100217,BA1656,1411,111337,120
4,100217,BA1656,1412,111492,120
4,100217,BA1656,1413,111529,120
4,100217,BA1656,1414,111562,120
4,100217,BA1656,1415,111620,120
4,100217,BA1656,1416,111654,120
4,100217,BA1656,1417,111676,120
4,100217,BA1656,1418,111788,120
4,100217,BA1656,1419,111935,120
4,100217,BA1656,1420,112038,120
4,100217,BA1656,1421,112061,120
4,100217,BA1656,1422,112096,120
4,100217,BA1656,1423,112130,120
4,100217,BA1656,1424,112171,120
4,100217,BA1656,1425,112249,120
4,100217,BA1656,1426,112259,120
4,100217,BA1656,1427,112306,120
4,100217,BA1656,1428,112338,120
4,100217,BA1656,1429,112406,120
4,100217,BA1656,1430,112407,200
4,100217,BA1656,1431,112612,300
4,100217,BA1656,1432,113250,120
4,100217,BA1656,1433,113826,120
4,100217,BA1656,1434,113850,120
4,100217,BA1656,1435,113889,120
4,100217,BA1656,1436,113945,120
4,100217,BA1656,1437,113966,120
4,100217,BA1656,1438,114008,120
4,100217,BA1656,1439,114091,120
4,100217,BA1656,1440,114131,120
4,100217,BA1656,1441,114162,120
4,100217,BA1656,1442,114191,120
4,100217,BA1656,1443,114219,120
4,100217,BA1656,1444,114341,120
4,100217,BA1656,1445,114493,120
4,100217,BA1656,1446,114524,120
4,100217,BA1656,1447,114549,120
4,100217,BA1656,1448,114571,120
4,100217,BA1656,1449,114602,120
4,100217,BA1656,1450,114630,120
4,100217,BA1656,1451,114650,120
4,100217,BA1656,1452,114689,120
4,100217,BA1656,1453,114721,120
4,100217,BA1656,1454,114832,120
4,100217,BA1656,1455,114874,120
4,100217,BA1656,1456,114968,120
4,100217,BA1656,1457,114969,200
4,100217,BA1656,1458,115174,300
4,100217,BA1656,1459,115776,120
4,100217,BA1656,1460,115815,120
4,100217,BA1656,1461,115905,120
4,100217,BA1656,1462,115952,120
4,100217,BA1656,1463,115972,120
4,100217,BA1656,1464,116003,120
4,100217,BA1656,1465,116032,120
4,100217,BA1656,1466,116205,120
4,100217,BA1656,1467,116245,120
4,100217,BA1656,1468,116311,120
4,100217,BA1656,1469,116352,120
4,100217,BA1656,1470,116511,120
4,100217,BA1656,1471,116777,120
4,100217,BA1656,1472,116820,120
4,100217,BA1656,1473,116847,120
4,100217,BA1656,1474,116865,120
4,100217,BA1656,1475,116891,120
4,100217,BA1656,1476,116950,120
4,100217,BA1656,1477,117045,120
4,100217,BA1656,1478,117108,120
4,100217,BA1656,1479,117137,120
4,100217,BA1656,1480,117169,120
4,100217,BA1656,1481,117208,120
4,100217,BA1656,1482,117229,120
4,100217,BA1656,1483,117245,120
4,100217,BA1656,1484,117246,200
4,100217,BA1656,1485,117451,300
4,100217,BA1656,1486,117706,120
4,100217,BA1656,1487,117726,120
4,100217,BA1656,1488,117757,120
4,100217,BA1656,1489,117790,120
4,100217,BA1656,1490,117837,120
4,100217,BA1656,1491,117871,120
4,100217,BA1656,1492,117920,120
4,100217,BA1656,1493,118118,120
4,100217,BA1656,1494,118142,120
4,100217,BA1656,1495,118203,120
4,100217,BA1656,1496,118225,120
4,100217,BA1656,1497,118383,120
4,100217,BA1656,1498,118428,120
4,100217,BA1656,1499,118474,120
4,100217,BA1656,1500,118681,120
4,100217,BA1656,1501,118710,120
4,100217,BA1656,1502,118737,120
4,100217,BA1656,1503,118779,120
4,100217,BA1656,1504,118946,120
4,100217,BA1656,1505,118978,120
4,100217,BA1656,1506,119027,120
4,100217,BA1656,1507,119101,120
4,100217,BA1656,1508,119154,120
4,100217,BA1656,1509,119336,120
4,100217,BA1656,1510,119361,120
4,100217,BA1656,1511,119362,200
4,100217,BA1656,1512,119567,300
4,100217,BA1656,1513,122009,120
4,100217,BA1656,1514,122035,120
4,100217,BA1656,1515,122087,120
4,100217,BA1656,1516,122119,120
4,100217,BA1656,1517,122163,120
4,100217,BA1656,1518,122242,120
4,100217,BA1656,1519,122394,120
4,100217,BA1656,1520,122415,120
4,100217,BA1656,1521,122599,120
4,100217,BA1656,1522,122665,120
4,100217,BA1656,1523,122692,120
4,100217,BA1656,1524,122721,120
4,100217,BA1656,1525,122767,120
4,100217,BA1656,1526,122818,120
4,100217,BA1656,1527,122861,120
4,100217,BA1656,1528,122894,120
4,100217,BA1656,1529,122919,120
4,100217,BA1656,1530,122970,120
4,100217,BA1656,1531,123005,120
4,100217,BA1656,1532,123022,120
4,100217,BA1656,1533,123048,120
4,100217,BA1656,1534,123081,120
4,100217,BA1656,1535,123107,120
4,100217,BA1656,1536,123141,120
4,100217,BA1656,1537,123179,120
4,100217,BA1656,1538,123180,200
4,100217,BA1656,1539,123385,300
4,100217,BA1656,1540,123600,120
4,100217,BA1656,1541,123668,120
4,100217,BA1656,1542,123693,120
4,100217,BA1656,1543,123710,120
4,100217,BA1656,1544,123740,120
4,100217,BA1656,1545,123774,120
4,100217,BA1656,1546,123801,120
4,100217,BA1656,1547,123825,120
4,100217,BA1656,1548,123849,120
4,100217,BA1656,1549,123880,120
4,100217,BA1656,1550,123897,120
4,100217,BA1656,1551,123972,120
4,100217,BA1656,1552,124057,120
4,100217,BA1656,1553,124146,120
4,100217,BA1656,1554,124199,120
4,100217,BA1656,1555,124223,120
4,100217,BA1656,1556,124239,120
4,100217,BA1656,1557,124271,120
4,100217,BA1656,1558,124282,120
4,100217,BA1656,1559,124334,120
4,100217,BA1656,1560,124379,120
4,100217,BA1656,1561,124407,120
4,100217,BA1656,1562,124416,120
4,100217,BA1656,1563,124506,120
4,100217,BA1656,1564,124574,120
4,100217,BA1656,1565,124575,200
4,100217,BA1656,1566,124780,300
4,100217,BA1656,1567,125215,120
4,100217,BA1656,1568,125249,120
4,100217,BA1656,1569,125290,120
4,100217,BA1656,1570,125311,120
4,100217,BA1656,1571,125341,120
4,100217,BA1656,1572,125423,120
4,100217,BA1656,1573,125446,120
4,100217,BA1656,1574,125470,120
4,100217,BA1656,1575,125539,120
4,100217,BA1656,1576,125639,120
4,100217,BA1656,1577,125677,120
4,100217,BA1656,1578,125698,120
4,100217,BA1656,1579,125731,120
4,100217,BA1656,1580,125775,120
4,100217,BA1656,1581,125798,120
4,100217,BA1656,1582,125819,120
4,100217,BA1656,1583,125969,120
4,100217,BA1656,1584,126134,120
4,100217,BA1656,1585,126175,120
4,100217,BA1656,1586,126202,120
4,100217,BA1656,1587,126238,120
4,100217,BA1656,1588,126279,120
4,100217,BA1656,1589,126312,120
4,100217,BA1656,1590,126380,120
4,100217,BA1656,1591,126532,120
4,100217,BA1656,1592,126533,200
4,100217,BA1656,1593,126738,300
4,100217,BA1656,1594,127079,120
4,100217,BA1656,1595,127098,120
4,100217,BA1656,1596,127133,120
4,100217,BA1656,1597,127168,120
4,100217,BA1656,1598,127230,120
4,100217,BA1656,1599,127258,120
4,100217,BA1656,1600,127273,120
4,100217,BA1656,1601,127372,120
4,100217,BA1656,1602,127480,120
4,100217,BA1656,1603,127547,120
4,100217,BA1656,1604,127593,120
4,100217,BA1656,1605,127650,120
4,100217,BA1656,1606,127686,120
4,100217,BA1656,1607,127704,120
4,100217,BA1656,1608,127765,120
4,100217,BA1656,1609,127793,120
4,100217,BA1656,1610,127832,120
4,100217,BA1656,1611,127855,120
4,100217,BA1656,1612,127889,120
4,100217,BA1656,1613,128038,120
4,100217,BA1656,1614,128097,120
4,100217,BA1656,1615,128135,120
4,100217,BA1656,1616,128171,120
4,100217,BA1656,1617,128210,120
4,100217,BA1656,1618,128260,120
4,100217,BA1656,1619,128261,200
4,100217,BA1656,1620,128466,300
4,100217,BA1656,1621,128696,120
4,100217,BA1656,1622,128752,120
4,100217,BA1656,1623,128798,120
4,100217,BA1656,1624,128835,120
4,100217,BA1656,1625,128863,120
4,100217,BA1656,1626,128924,120
4,100217,BA1656,1627,128964,120
4,100217,BA1656,1628,128988,120
4,100217,BA1656,1629,129026,120
4,100217,BA1656,1630,129079,120
4,100217,BA1656,1631,129119,120
4,100217,BA1656,1632,129146,120
4,100217,BA1656,1633,129293,120
4,100217,BA1656,1634,129314,120
4,100217,BA1656,1635,129342,120
4,100217,BA1656,1636,129376,120
4,100217,BA1656,1637,129531,120
4,100217,BA1656,1638,129669,120
4,100217,BA1656,1639,129704,120
4,100217,BA1656,1640,129777,120
4,100217,BA1656,1641,129830,120
4,100217,BA1656,1642,129861,120
4,100217,BA1656,1643,129884,120
4,100217,BA1656,1644,129900,120
4,100217,BA1656,1645,130351,120
4,100217,BA1656,1646,130352,200
4,100217,BA1656,1647,130557,300
4,100217,BA1656,1648,130956,120
4,100217,BA1656,1649,131035,120
4,100217,BA1656,1650,131059,120
4,100217,BA1656,1651,131185,120
4,100217,BA1656,1652,131271,120
4,100217,BA1656,1653,131333,120
4,100217,BA1656,1654,131355,120
4,100217,BA1656,1655,131374,120
4,100217,BA1656,1656,131413,120
4,100217,BA1656,1657,131443,120
4,100217,BA1656,1658,131460,120
4,100217,BA1656,1659,131586,120
4,100217,BA1656,1660,131604,120
4,100217,BA1656,1661,131647,120
4,100217,BA1656,1662,131662,120
4,100217,BA1656,1663,131689,120
4,100217,BA1656,1664,131728,120
4,100217,BA1656,1665,131836,120
4,100217,BA1656,1666,131957,120
4,100217,BA1656,1667,131974,120
4,100217,BA1656,1668,132025,120
4,100217,BA1656,1669,132068,120
4,100217,BA1656,1670,132246,120
4,100217,BA1656,1671,132270,120
4,100217,BA1656,1672,132306,120
4,100217,BA1656,1673,132307,200
4,100217,BA1656,1674,132512,300
4,100217,BA1656,1675,132947,120
4,100217,BA1656,1676,132982,120
4,100217,BA1656,1677,133043,120
4,100217,BA1656,1678,133061,120
4,100217,BA1656,1679,133084,120
4,100217,BA1656,1680,133103,120
4,100217,BA1656,1681,133135,120
4,100217,BA1656,1682,133180,120
4,100217,BA1656,1683,133210,120
4,100217,BA1656,1684,133233,120
4,100217,BA1656,1685,133424,120
4,100217,BA1656,1686,133596,120
4,100217,BA1656,1687,133614,120
4,100217,BA1656,1688,133699,120
4,100217,BA1656,1689,133731,120
4,100217,BA1656,1690,133759,120
4,100217,BA1656,1691,133786,120
4,100217,BA1656,1692,133818,120
4,100217,BA1656,1693,133839,120
4,100217,BA1656,1694,133855,120
4,100217,BA1656,1695,134019,120
4,100217,BA1656,1696,134047,120
4,100217,BA1656,1697,134090,120
4,100217,BA1656,1698,134113,120
4,100217,BA1656,1699,134161,120
4,100217,BA1656,1700,134162,200
4,100217,BA1656,1701,134367,300
4,100217,BA1656,1702,134747,120
4,100217,BA1656,1703,134796,120
4,100217,BA1656,1704,134828,120
4,100217,BA1656,1705,134854,120
4,100217,BA1656,1706,135022,120
4,100217,BA1656,1707,135086,120
4,100217,BA1656,1708,135127,120
4,100217,BA1656,1709,135145,120
4,100217,BA1656,1710,135170,120
4,100217,BA1656,1711,135193,120
4,100217,BA1656,1712,135243,120
4,100217,BA1656,1713,135371,120
4,100217,BA1656,1714,135414,120
4,100217,BA1656,1715,135447,120
4,100217,BA1656,1716,135474,120
4,100217,BA1656,1717,135630,120
4,100217,BA1656,1718,135750,120
4,100217,BA1656,1719,135791,120
4,100217,BA1656,1720,135997,120
4,100217,BA1656,1721,136106,120
4,100217,BA1656,1722,136141,120
4,100217,BA1656,1723,136168,120
4,100217,BA1656,1724,136366,120
4,100217,BA1656,1725,136489,120
4,100217,BA1656,1726,136528,120
4,100217,BA1656,1727,136529,200
4,100217,BA1656,1728,136734,300
4,100217,BA1656,1729,137179,120
4,100217,BA1656,1730,137216,120
4,100217,BA1656,1731,137246,120
4,100217,BA1656,1732,137478,120
4,100217,BA1656,1733,137504,120
4,100217,BA1656,1734,137567,120
4,100217,BA1656,1735,137595,120
4,100217,BA1656,1736,137624,120
4,100217,BA1656,1737,137686,120
4,100217,BA1656,1738,137816,120
4,100217,BA1656,1739,138152,120
4,100217,BA1656,1740,138184,120
4,100217,BA1656,1741,138217,120
4,100217,BA1656,1742,138367,120
4,100217,BA1656,1743,138424,120
4,100217,BA1656,1744,138453,120
4,100217,BA1656,1745,138605,120
4,100217,BA1656,1746,138623,120
4,100217,BA1656,1747,138664,120
4,100217,BA1656,1748,138688,120
4,100217,BA1656,1749,138896,120
4,100217,BA1656,1750,138951,120
4,100217,BA1656,1751,138984,120
4,100217,BA1656,1752,139028,120
4,100217,BA1656,1753,139209,120
4,100217,BA1656,1754,139210,200
4,100217,BA1656,1755,139415,300
4,100217,BA1656,1756,140337,120
4,100217,BA1656,1757,141666,120
4,100217,BA1656,1758,141713,120
4,100217,BA1656,1759,141767,120
4,100217,BA1656,1760,141784,120
4,100217,BA1656,1761,141828,120
4,100217,BA1656,1762,142036,120
4,100217,BA1656,1763,142081,120
4,100217,BA1656,1764,142116,120
4,100217,BA1656,1765,142150,120
4,100217,BA1656,1766,142183,120
4,100217,BA1656,1767,142224,120
4,100217,BA1656,1768,142286,120
4,100217,BA1656,1769,142325,120
4,100217,BA1656,1770,142350,120
4,100217,BA1656,1771,142388,120
4,100217,BA1656,1772,142440,120
4,100217,BA1656,1773,142485,120
4,100217,BA1656,1774,142530,120
4,100217,BA1656,1775,142703,120
4,100217,BA1656,1776,142745,120
4,100217,BA1656,1777,142827,120
4,100217,BA1656,1778,142935,120
4,100217,BA1656,1779,142966,120
4,100217,BA1656,1780,143121,120
4,100217,BA1656,1781,143122,200
4,100217,BA1656,1782,143327,300
4,100217,BA1656,1783,143657,120
4,100217,BA1656,1784,143676,120
4,100217,BA1656,1785,143707,120
4,100217,BA1656,1786,143740,120
4,100217,BA1656,1787,143778,120
4,100217,BA1656,1788,143796,120
4,100217,BA1656,1789,143864,120
4,100217,BA1656,1790,144063,120
4,100217,BA1656,1791,144145,120
4,100217,BA1656,1792,144180,120
4,100217,BA1656,1793,144247,120
4,100217,BA1656,1794,144279,120
4,100217,BA1656,1795,144323,120
4,100217,BA1656,1796,144514,120
4,100217,BA1656,1797,144562,120
4,100217,BA1656,1798,144609,120
4,100217,BA1656,1799,144668,120
4,100217,BA1656,1800,144697,120
4,100217,BA1656,1801,144744,120
4,100217,BA1656,1802,144777,120
4,100217,BA1656,1803,144813,120
4,100217,BA1656,1804,144882,120
4,100217,BA1656,1805,144936,120
4,100217,BA1656,1806,144958,120
4,100217,BA1656,1807,144998,120
4,100217,BA1656,1808,144999,200
4,100217,BA1656,1809,145204,300
4,100217,BA1656,1810,145598,120
4,100217,BA1656,1811,145628,120
4,100217,BA1656,1812,145655,120
4,100217,BA1656,1813,145686,120
4,100217,BA1656,1814,145717,120
4,100217,BA1656,1815,145758,120
4,100217,BA1656,1816,145782,120
4,100217,BA1656,1817,145843,120
4,100217,BA1656,1818,145893,120
4,100217,BA1656,1819,145925,120
4,100217,BA1656,1820,145953,120
4,100217,BA1656,1821,146042,120
4,100217,BA1656,1822,146099,120
4,100217,BA1656,1823,146283,120
4,100217,BA1656,1824,146328,120
4,100217,BA1656,1825,146371,120
4,100217,BA1656,1826,146394,120
4,100217,BA1656,1827,146433,120
4,100217,BA1656,1828,146464,120
4,100217,BA1656,1829,146581,120
4,100217,BA1656,1830,146659,120
4,100217,BA1656,1831,146699,120
4,100217,BA1656,1832,146771,120
4,100217,BA1656,1833,146799,120
4,100217,BA1656,1834,146843,120
4,100217,BA1656,1835,146844,200
4,100217,BA1656,1836,147049,300
4,100217,BA1656,1837,147295,120
4,100217,BA1656,1838,147326,120
4,100217,BA1656,1839,147390,120
4,100217,BA1656,1840,147429,120
4,100217,BA1656,1841,147466,120
4,100217,BA1656,1842,147487,120
4,100217,BA1656,1843,147574,120
4,100217,BA1656,1844,147625,120
4,100217,BA1656,1845,147717,120
4,100217,BA1656,1846,147744,120
4,100217,BA1656,1847,147819,120
4,100217,BA1656,1848,147862,120
4,100217,BA1656,1849,148004,120
4,100217,BA1656,1850,148034,120
4,100217,BA1656,1851,148071,120
4,100217,BA1656,1852,148104,120
4,100217,BA1656,1853,148129,120
4,100217,BA1656,1854,148386,120
4,100217,BA1656,1855,148421,120
4,100217,BA1656,1856,148438,120
4,100217,BA1656,1857,148471,120
4,100217,BA1656,1858,148506,120
4,100217,BA1656,1859,148609,120
4,100217,BA1656,1860,148638,120
4,100217,BA1656,1861,148675,120
4,100217,BA1656,1862,148676,200
4,100217,BA1656,1863,148881,300
4,100217,BA1656,1864,149670,120
4,100217,BA1656,1865,149720,120
4,100217,BA1656,1866,149751,120
4,100217,BA1656,1867,149789,120
4,100217,BA1656,1868,149823,120
4,100217,BA1656,1869,149879,120
4,100217,BA1656,1870,149929,120
4,100217,BA1656,1871,149957,120
4,100217,BA1656,1872,149978,120
4,100217,BA1656,1873,150050,120
4,100217,BA1656,1874,150126,120
4,100217,BA1656,1875,150156,120
4,100217,BA1656,1876,150208,120
4,100217,BA1656,1877,150284,120
4,100217,BA1656,1878,150304,120
4,100217,BA1656,1879,150387,120
4,100217,BA1656,1880,150546,120
4,100217,BA1656,1881,150630,120
4,100217,BA1656,1882,150663,120
4,100217,BA1656,1883,150703,120
4,100217,BA1656,1884,150726,120
4,100217,BA1656,1885,150851,120
4,100217,BA1656,1886,151079,120
4,100217,BA1656,1887,151123,120
4,100217,BA1656,1888,151461,120
4,100217,BA1656,1889,151462,200
4,100217,BA1656,1890,151667,300
4,100217,BA1656,1891,153464,120
4,100217,BA1656,1892,153586,120
4,100217,BA1656,1893,153605,120
4,100217,BA1656,1894,153639,120
4,100217,BA1656,1895,153667,120
4,100217,BA1656,1896,153696,120
4,100217,BA1656,1897,153833,120
4,100217,BA1656,1898,153973,120
4,100217,BA1656,1899,154012,120
4,100217,BA1656,1900,154062,120
4,100217,BA1656,1901,154098,120
4,100217,BA1656,1902,154197,120
4,100217,BA1656,1903,154322,120
4,100217,BA1656,1904,154343,120
4,100217,BA1656,1905,154434,120
4,100217,BA1656,1906,154482,120
4,100217,BA1656,1907,154503,120
4,100217,BA1656,1908,154544,120
4,100217,BA1656,1909,154625,120
4,100217,BA1656,1910,154656,120
4,100217,BA1656,1911,154804,120
4,100217,BA1656,1912,154835,120
4,100217,BA1656,1913,154938,120
4,100217,BA1656,1914,154954,120
4,100217,BA1656,1915,154978,120
4,100217,BA1656,1916,154979,200
4,100217,BA1656,1917,155184,300
4,100217,BA1656,1918,155803,120
4,100217,BA1656,1919,155828,120
4,100217,BA1656,1920,155854,120
4,100217,BA1656,1921,155938,120
4,100217,BA1656,1922,155993,120
4,100217,BA1656,1923,156050,120
4,100217,BA1656,1924,156186,120
4,100217,BA1656,1925,156199,120
4,100217,BA1656,1926,156324,120
4,100217,BA1656,1927,156406,120
4,100217,BA1656,1928,156430,120
4,100217,BA1656,1929,156460,120
4,100217,BA1656,1930,156490,120
4,100217,BA1656,1931,156513,120
4,100217,BA1656,1932,156531,120
4,100217,BA1656,1933,156643,120
4,100217,BA1656,1934,156658,120
4,100217,BA1656,1935,156732,120
4,100217,BA1656,1936,156775,120
4,100217,BA1656,1937,156816,120
4,100217,BA1656,1938,156847,120
4,100217,BA1656,1939,156925,120
4,100217,BA1656,1940,156984,120
4,100217,BA1656,1941,157013,120
4,100217,BA1656,1942,157063,120
4,100217,BA1656,1943,157064,200
4,100217,BA1656,1944,157269,300
4,100217,BA1656,1945,157657,120
4,100217,BA1656,1946,157690,120
4,100217,BA1656,1947,157717,120
4,100217,BA1656,1948,157749,120
4,100217,BA1656,1949,157798,120
4,100217,BA1656,1950,157851,120
4,100217,BA1656,1951,157889,120
4,100217,BA1656,1952,157922,120
4,100217,BA1656,1953,158030,120
4,100217,BA1656,1954,158081,120
4,100217,BA1656,1955,158104,120
4,100217,BA1656,1956,158287,120
4,100217,BA1656,1957,158306,120
4,100217,BA1656,1958,158372,120
4,100217,BA1656,1959,158621,120
4,100217,BA1656,1960,158655,120
4,100217,BA1656,1961,158687,120
4,100217,BA1656,1962,158717,120
4,100217,BA1656,1963,158750,120
4,100217,BA1656,1964,158815,120
4,100217,BA1656,1965,158844,120
4,100217,BA1656,1966,158875,120
4,100217,BA1656,1967,158902,120
4,100217,BA1656,1968,159074,120
4,100217,BA1656,1969,159120,120
4,100217,BA1656,1970,159121,200
4,100217,BA1656,1971,159326,300
4,100217,BA1656,1972,160236,120
4,100217,BA1656,1973,160468,120
4,100217,BA1656,1974,160498,120
4,100217,BA1656,1975,160547,120
4,100217,BA1656,1976,160589,120
4,100217,BA1656,1977,160643,120
4,100217,BA1656,1978,160661,120
4,100217,BA1656,1979,161019,120
4,100217,BA1656,1980,161086,120
4,100217,BA1656,1981,161238,120
4,100217,BA1656,1982,161271,120
4,100217,BA1656,1983,161304,120
4,100217,BA1656,1984,161364,120
4,100217,BA1656,1985,161416,120
4,100217,BA1656,1986,161452,120
4,100217,BA1656,1987,161480,120
4,100217,BA1656,1988,161507,120
4,100217,BA1656,1989,161594,120
4,100217,BA1656,1990,161640,120
4,100217,BA1656,1991,161765,120
4,100217,BA1656,1992,161904,120
4,100217,BA1656,1993,161931,120
4,100217,BA1656,1994,161967,120
4,100217,BA1656,1995,162004,120
4,100217,BA1656,1996,162023,120
4,100217,BA1656,1997,162024,200
4,100217,BA1656,1998,162229,300
4,100217,BA1656,1999,162623,120
4,100217,BA1656,2000,162649,120
4,100217,BA1656,2001,162681,120
4,100217,BA1656,2002,162708,120
4,100217,BA1656,2003,162726,120
4,100217,BA1656,2004,162769,120
4,100217,BA1656,2005,162820,120
4,100217,BA1656,2006,162865,120
4,100217,BA1656,2007,162896,120
4,100217,BA1656,2008,162921,120
4,100217,BA1656,2009,163056,120
4,100217,BA1656,2010,163082,120
4,100217,BA1656,2011,163122,120
4,100217,BA1656,2012,163182,120
4,100217,BA1656,2013,163275,120
4,100217,BA1656,2014,163319,120
4,100217,BA1656,2015,163336,120
4,100217,BA1656,2016,163350,120
4,100217,BA1656,2017,163373,120
4,100217,BA1656,2018,163392,120
4,100217,BA1656,2019,163423,120
4,100217,BA1656,2020,163450,120
4,100217,BA1656,2021,163477,120
4,100217,BA1656,2022,163492,120
4,100217,BA1656,2023,163556,120
